claim_id,customer_id,policy_type,claim_amount,claim_status,incident_type,state,adjuster_id,fraud_flag,claim_date,masked_ssn,high_value_claim,high_risk_incident,suspicious_claim,claim_severity
1,2556,Life,22511.47,Pending,Fire,IL,196,1,2026-05-25 11:11:10.698686,XXX-XX-5079,False,True,True,High
2,4583,Auto,41207.31,Pending,Theft,OR,202,0,2026-05-25 11:11:10.698747,XXX-XX-5063,True,True,True,Critical
3,1163,Home,8992.72,Pending,Theft,AZ,127,1,2026-05-25 11:11:10.698783,XXX-XX-1445,False,True,True,Medium
4,2288,Life,47224.08,Denied,Accident,NY,159,0,2026-05-25 11:11:10.698811,XXX-XX-8214,True,False,False,Critical
5,1951,Life,22516.42,Denied,Accident,IL,279,0,2026-05-25 11:11:10.698839,XXX-XX-3988,False,False,False,High
6,1900,Life,22614.18,Approved,Theft,AS,174,0,2026-05-25 11:11:10.698867,XXX-XX-4347,False,True,False,High
7,4666,Home,26221.13,Denied,Accident,HI,149,0,2026-05-25 11:11:10.698892,XXX-XX-0872,False,False,False,High
8,2852,Home,13115.64,Pending,Accident,GU,197,0,2026-05-25 11:11:10.698916,XXX-XX-8156,False,False,False,Medium
9,3527,Auto,21292.14,Denied,Theft,VI,287,0,2026-05-25 11:11:10.698941,XXX-XX-0334,False,True,False,High
10,2193,Home,5491.53,Approved,Theft,MP,262,0,2026-05-25 11:11:10.698964,XXX-XX-9927,False,True,False,Medium
11,2662,Auto,22908.27,Pending,Theft,AL,190,1,2026-05-25 11:11:10.698988,XXX-XX-2009,False,True,True,High
12,3959,Home,15008.83,Approved,Flood,MP,224,1,2026-05-25 11:11:10.699013,XXX-XX-7099,False,False,True,Medium
13,2791,Auto,16307.1,Denied,Accident,PW,151,1,2026-05-25 11:11:10.699042,XXX-XX-4526,False,False,True,Medium
14,3834,Auto,10866.53,Approved,Theft,MN,199,0,2026-05-25 11:11:10.699065,XXX-XX-0338,False,True,False,Medium
15,1035,Life,43084.07,Denied,Accident,AZ,266,0,2026-05-25 11:11:10.699089,XXX-XX-7702,True,False,False,Critical
16,4893,Life,38869.47,Denied,Flood,FM,114,0,2026-05-25 11:11:10.699112,XXX-XX-1216,True,False,False,High
17,1413,Home,32045.18,Pending,Flood,NH,265,0,2026-05-25 11:11:10.699135,XXX-XX-5017,True,False,False,High
18,3164,Life,35079.1,Approved,Flood,ID,191,0,2026-05-25 11:11:10.699158,XXX-XX-3065,True,False,False,High
19,4664,Home,7529.17,Denied,Fire,MS,264,1,2026-05-25 11:11:10.699180,XXX-XX-2709,False,True,True,Medium
20,3824,Auto,5754.09,Approved,Accident,DC,262,0,2026-05-25 11:11:10.699201,XXX-XX-0722,False,False,False,Medium
21,3135,Life,18751.89,Denied,Accident,WA,288,0,2026-05-25 11:11:10.699224,XXX-XX-3133,False,False,False,Medium
22,2481,Home,18000.65,Pending,Fire,MI,189,0,2026-05-25 11:11:10.699246,XXX-XX-7187,False,True,False,Medium
23,2602,Auto,18309.4,Denied,Accident,TN,187,0,2026-05-25 11:11:10.699273,XXX-XX-8690,False,False,False,Medium
24,2058,Auto,16959.03,Denied,Accident,MP,164,0,2026-05-25 11:11:10.699296,XXX-XX-5929,False,False,False,Medium
25,3892,Home,35960.56,Approved,Fire,MA,142,0,2026-05-25 11:11:10.699317,XXX-XX-3476,True,True,True,High
26,3454,Home,40578.7,Approved,Fire,OH,182,0,2026-05-25 11:11:10.699341,XXX-XX-9720,True,True,True,Critical
27,2860,Auto,13322.05,Approved,Fire,NH,250,0,2026-05-25 11:11:10.699366,XXX-XX-5402,False,True,False,Medium
28,3978,Home,3664.42,Approved,Accident,MT,274,0,2026-05-25 11:11:10.699388,XXX-XX-2563,False,False,False,Medium
29,2914,Life,20485.44,Approved,Fire,WY,259,1,2026-05-25 11:11:10.699411,XXX-XX-7401,False,True,True,High
30,3446,Life,14219.66,Pending,Fire,OK,125,0,2026-05-25 11:11:10.699432,XXX-XX-1470,False,True,False,Medium
31,3389,Home,36697.83,Pending,Flood,TN,259,0,2026-05-25 11:11:10.699458,XXX-XX-8104,True,False,False,High
32,4525,Life,44414.0,Denied,Fire,ID,122,1,2026-05-25 11:11:10.699481,XXX-XX-7171,True,True,True,Critical
33,3811,Life,1149.3,Approved,Flood,AZ,116,0,2026-05-25 11:11:10.699507,XXX-XX-0548,False,False,False,Medium
34,1299,Auto,6944.76,Pending,Flood,PW,145,0,2026-05-25 11:11:10.699530,XXX-XX-3560,False,False,False,Medium
35,2788,Home,22167.94,Denied,Theft,AL,184,0,2026-05-25 11:11:10.699556,XXX-XX-2088,False,True,False,High
36,4330,Auto,20856.84,Denied,Accident,AL,126,0,2026-05-25 11:11:10.699591,XXX-XX-5552,False,False,False,High
37,4975,Life,30203.19,Pending,Theft,WV,209,0,2026-05-25 11:11:10.699615,XXX-XX-3791,True,True,True,High
38,1508,Home,42580.44,Denied,Fire,AK,146,0,2026-05-25 11:11:10.699637,XXX-XX-5956,True,True,True,Critical
39,3422,Auto,19976.06,Denied,Fire,IA,148,0,2026-05-25 11:11:10.699658,XXX-XX-6914,False,True,False,Medium
40,1281,Auto,11691.08,Pending,Accident,OR,163,1,2026-05-25 11:11:10.699679,XXX-XX-1938,False,False,True,Medium
41,1052,Home,46541.36,Denied,Accident,AR,168,1,2026-05-25 11:11:10.699700,XXX-XX-7552,True,False,True,Critical
42,2487,Home,7081.25,Approved,Theft,AL,177,0,2026-05-25 11:11:10.699723,XXX-XX-5767,False,True,False,Medium
43,2536,Life,36999.76,Approved,Flood,OH,105,0,2026-05-25 11:11:10.699749,XXX-XX-2294,True,False,False,High
44,2613,Life,4572.57,Pending,Flood,WA,227,0,2026-05-25 11:11:10.699771,XXX-XX-5036,False,False,False,Medium
45,3432,Home,28286.56,Approved,Fire,NM,238,1,2026-05-25 11:11:10.699793,XXX-XX-5214,False,True,True,High
46,4343,Life,7309.09,Approved,Flood,DE,183,0,2026-05-25 11:11:10.699815,XXX-XX-5205,False,False,False,Medium
47,2136,Auto,25507.11,Denied,Accident,KY,257,0,2026-05-25 11:11:10.699837,XXX-XX-0437,False,False,False,High
48,2681,Home,20918.52,Pending,Flood,LA,277,0,2026-05-25 11:11:10.699858,XXX-XX-9161,False,False,False,High
49,1591,Life,42699.93,Denied,Fire,NM,186,1,2026-05-25 11:11:10.699879,XXX-XX-5995,True,True,True,Critical
50,1705,Home,21557.23,Approved,Fire,FM,276,0,2026-05-25 11:11:10.699900,XXX-XX-5806,False,True,False,High
51,4819,Auto,42944.15,Denied,Accident,MH,281,0,2026-05-25 11:11:10.699921,XXX-XX-8926,True,False,False,Critical
52,2689,Life,19762.48,Pending,Accident,AZ,176,0,2026-05-25 11:11:10.699943,XXX-XX-1663,False,False,False,Medium
53,4584,Life,28665.22,Pending,Accident,OH,257,1,2026-05-25 11:11:10.699969,XXX-XX-7808,False,False,True,High
54,4157,Home,46646.5,Denied,Fire,RI,271,0,2026-05-25 11:11:10.699993,XXX-XX-3074,True,True,True,Critical
55,2529,Auto,12913.88,Denied,Fire,OH,118,0,2026-05-25 11:11:10.700015,XXX-XX-6375,False,True,False,Medium
56,3775,Home,40237.79,Approved,Accident,PW,182,0,2026-05-25 11:11:10.700037,XXX-XX-5332,True,False,False,Critical
57,4785,Home,49182.22,Pending,Accident,AL,295,0,2026-05-25 11:11:10.700059,XXX-XX-1339,True,False,False,Critical
58,2608,Auto,49367.27,Denied,Theft,SC,256,0,2026-05-25 11:11:10.700083,XXX-XX-1207,True,True,True,Critical
59,3311,Home,18252.51,Denied,Fire,FM,107,0,2026-05-25 11:11:10.700105,XXX-XX-4040,False,True,False,Medium
60,3503,Home,14611.33,Denied,Accident,NE,155,0,2026-05-25 11:11:10.700130,XXX-XX-7079,False,False,False,Medium
61,1256,Home,48850.71,Approved,Accident,UT,202,0,2026-05-25 11:11:10.700153,XXX-XX-5111,True,False,False,Critical
62,3719,Home,22818.83,Denied,Flood,NE,273,1,2026-05-25 11:11:10.700179,XXX-XX-4851,False,False,True,High
63,1587,Home,29718.55,Pending,Accident,WI,202,0,2026-05-25 11:11:10.700207,XXX-XX-7878,False,False,False,High
64,1975,Life,26055.61,Approved,Theft,RI,100,0,2026-05-25 11:11:10.700229,XXX-XX-2556,False,True,False,High
65,4555,Life,26144.56,Approved,Accident,SC,295,1,2026-05-25 11:11:10.700251,XXX-XX-0715,False,False,True,High
66,3854,Home,47526.58,Pending,Theft,AR,183,0,2026-05-25 11:11:10.700274,XXX-XX-5963,True,True,True,Critical
67,2640,Life,30800.36,Approved,Fire,WY,244,0,2026-05-25 11:11:10.700297,XXX-XX-5238,True,True,True,High
68,2511,Auto,13361.26,Denied,Flood,NM,282,0,2026-05-25 11:11:10.700318,XXX-XX-1101,False,False,False,Medium
69,3591,Life,4177.29,Denied,Theft,AK,222,1,2026-05-25 11:11:10.700340,XXX-XX-9507,False,True,True,Medium
70,3047,Life,8865.74,Denied,Fire,NE,104,1,2026-05-25 11:11:10.700361,XXX-XX-4347,False,True,True,Medium
71,4662,Auto,41735.43,Approved,Accident,SD,221,0,2026-05-25 11:11:10.700382,XXX-XX-6155,True,False,False,Critical
72,4539,Auto,26463.93,Approved,Theft,WA,211,0,2026-05-25 11:11:10.700404,XXX-XX-4509,False,True,False,High
73,3418,Auto,42891.97,Approved,Flood,TN,163,1,2026-05-25 11:11:10.700430,XXX-XX-8010,True,False,True,Critical
74,1752,Auto,11560.11,Denied,Fire,IN,114,0,2026-05-25 11:11:10.700451,XXX-XX-8127,False,True,False,Medium
75,1918,Home,31966.52,Pending,Flood,WY,263,1,2026-05-25 11:11:10.700473,XXX-XX-4622,True,False,True,High
76,4779,Home,11918.15,Denied,Theft,RI,151,0,2026-05-25 11:11:10.700494,XXX-XX-3157,False,True,False,Medium
77,4681,Life,30157.77,Pending,Theft,TN,175,0,2026-05-25 11:11:10.700516,XXX-XX-4419,True,True,True,High
78,2500,Life,32019.48,Pending,Accident,IN,173,0,2026-05-25 11:11:10.700540,XXX-XX-2882,True,False,False,High
79,1740,Home,47274.51,Approved,Theft,KS,291,0,2026-05-25 11:11:10.700561,XXX-XX-3251,True,True,True,Critical
80,1445,Life,38144.67,Denied,Accident,KY,281,0,2026-05-25 11:11:10.700582,XXX-XX-6234,True,False,False,High
81,2544,Home,16354.33,Denied,Flood,NY,124,1,2026-05-25 11:11:10.700604,XXX-XX-2537,False,False,True,Medium
82,4380,Home,14492.34,Denied,Theft,NE,221,0,2026-05-25 11:11:10.700625,XXX-XX-8297,False,True,False,Medium
83,4275,Auto,9924.01,Denied,Fire,AS,105,0,2026-05-25 11:11:10.700652,XXX-XX-1104,False,True,False,Medium
84,2907,Home,43233.62,Denied,Accident,OH,171,1,2026-05-25 11:11:10.700674,XXX-XX-2214,True,False,True,Critical
85,2351,Life,16200.24,Denied,Theft,HI,294,1,2026-05-25 11:11:10.700695,XXX-XX-8251,False,True,True,Medium
86,3295,Home,40302.82,Approved,Flood,TN,158,0,2026-05-25 11:11:10.700716,XXX-XX-9208,True,False,False,Critical
87,4769,Home,40457.55,Pending,Fire,HI,276,0,2026-05-25 11:11:10.700737,XXX-XX-7871,True,True,True,Critical
88,1594,Home,30799.59,Approved,Flood,AL,291,0,2026-05-25 11:11:10.700758,XXX-XX-1908,True,False,False,High
89,2119,Home,8899.82,Denied,Accident,NH,232,0,2026-05-25 11:11:10.700780,XXX-XX-2524,False,False,False,Medium
90,2033,Home,47506.7,Approved,Flood,WA,193,0,2026-05-25 11:11:10.700801,XXX-XX-3440,True,False,False,Critical
91,3146,Life,28552.65,Approved,Flood,NC,285,1,2026-05-25 11:11:10.700827,XXX-XX-3302,False,False,True,High
92,4262,Home,23795.11,Pending,Theft,NC,250,0,2026-05-25 11:11:10.700849,XXX-XX-9984,False,True,False,High
93,4332,Home,20825.85,Approved,Flood,NJ,247,0,2026-05-25 11:11:10.700876,XXX-XX-3960,False,False,False,High
94,2548,Life,35185.71,Denied,Accident,NY,171,0,2026-05-25 11:11:10.700906,XXX-XX-5056,True,False,False,High
95,1532,Life,33012.36,Approved,Fire,CO,209,0,2026-05-25 11:11:10.700928,XXX-XX-1221,True,True,True,High
96,3517,Home,8315.47,Approved,Fire,IN,114,0,2026-05-25 11:11:10.700954,XXX-XX-2910,False,True,False,Medium
97,2960,Auto,37518.79,Pending,Accident,AS,281,0,2026-05-25 11:11:10.700977,XXX-XX-7447,True,False,False,High
98,3662,Life,33610.66,Pending,Theft,LA,219,0,2026-05-25 11:11:10.700998,XXX-XX-0320,True,True,True,High
99,2268,Life,41318.97,Denied,Accident,WA,181,0,2026-05-25 11:11:10.701021,XXX-XX-1860,True,False,False,Critical
100,2463,Life,23888.75,Pending,Fire,AL,164,1,2026-05-25 11:11:10.701042,XXX-XX-1573,False,True,True,High
101,1782,Home,6788.12,Denied,Theft,IL,158,0,2026-05-25 11:11:10.701064,XXX-XX-8374,False,True,False,Medium
102,3262,Home,7829.36,Denied,Theft,PW,222,0,2026-05-25 11:11:10.701085,XXX-XX-6872,False,True,False,Medium
103,1180,Auto,33735.52,Approved,Theft,UT,267,1,2026-05-25 11:11:10.701112,XXX-XX-7701,True,True,True,High
104,4606,Home,37399.04,Pending,Flood,MN,142,0,2026-05-25 11:11:10.701133,XXX-XX-4606,True,False,False,High
105,2664,Home,27754.84,Pending,Fire,RI,258,0,2026-05-25 11:11:10.701155,XXX-XX-8784,False,True,False,High
106,3074,Life,28306.42,Pending,Flood,MT,243,0,2026-05-25 11:11:10.701176,XXX-XX-7373,False,False,False,High
107,4288,Auto,45598.23,Denied,Theft,NH,262,0,2026-05-25 11:11:10.701198,XXX-XX-5437,True,True,True,Critical
108,2676,Auto,13802.92,Pending,Flood,FM,281,0,2026-05-25 11:11:10.701219,XXX-XX-7904,False,False,False,Medium
109,2451,Home,37423.42,Approved,Accident,DE,279,0,2026-05-25 11:11:10.701240,XXX-XX-8844,True,False,False,High
110,1537,Auto,13869.33,Pending,Fire,AK,256,0,2026-05-25 11:11:10.701264,XXX-XX-7500,False,True,False,Medium
111,2529,Home,5643.96,Denied,Flood,AK,102,1,2026-05-25 11:11:10.701286,XXX-XX-5533,False,False,True,Medium
112,2484,Auto,36829.2,Approved,Fire,CO,219,0,2026-05-25 11:11:10.701308,XXX-XX-6323,True,True,True,High
113,1395,Auto,20871.67,Pending,Flood,FL,214,1,2026-05-25 11:11:10.701334,XXX-XX-6895,False,False,True,High
114,1636,Life,9668.81,Approved,Flood,WY,147,1,2026-05-25 11:11:10.701356,XXX-XX-2211,False,False,True,Medium
115,1567,Auto,27143.43,Denied,Fire,WY,109,0,2026-05-25 11:11:10.701377,XXX-XX-5854,False,True,False,High
116,2021,Life,49375.08,Denied,Fire,FM,158,0,2026-05-25 11:11:10.701400,XXX-XX-2355,True,True,True,Critical
117,3283,Auto,41615.85,Denied,Theft,RI,131,1,2026-05-25 11:11:10.701421,XXX-XX-6529,True,True,True,Critical
118,4176,Auto,4635.28,Pending,Accident,WY,287,1,2026-05-25 11:11:10.701442,XXX-XX-2937,False,False,True,Medium
119,1946,Auto,7894.38,Pending,Flood,SC,108,0,2026-05-25 11:11:10.701464,XXX-XX-2232,False,False,False,Medium
120,4210,Home,46555.0,Pending,Accident,WV,300,1,2026-05-25 11:11:10.701485,XXX-XX-2507,True,False,True,Critical
121,4713,Auto,45311.0,Denied,Flood,OK,209,0,2026-05-25 11:11:10.701511,XXX-XX-9053,True,False,False,Critical
122,3976,Auto,39094.16,Pending,Accident,VI,119,1,2026-05-25 11:11:10.701533,XXX-XX-5423,True,False,True,High
123,1390,Life,5607.95,Pending,Fire,MD,179,0,2026-05-25 11:11:10.701560,XXX-XX-4413,False,True,False,Medium
124,4653,Life,47407.61,Denied,Theft,GU,242,0,2026-05-25 11:11:10.701582,XXX-XX-7340,True,True,True,Critical
125,2443,Life,2951.67,Denied,Accident,SC,222,1,2026-05-25 11:11:10.701604,XXX-XX-8505,False,False,True,Medium
126,2007,Life,4035.74,Approved,Theft,MO,112,0,2026-05-25 11:11:10.701630,XXX-XX-8901,False,True,False,Medium
127,3158,Life,2057.12,Pending,Theft,MI,123,0,2026-05-25 11:11:10.701652,XXX-XX-1476,False,True,False,Medium
128,1754,Life,30690.68,Pending,Flood,NJ,100,0,2026-05-25 11:11:10.701673,XXX-XX-9424,True,False,False,High
129,4509,Life,2813.34,Denied,Flood,MP,192,1,2026-05-25 11:11:10.701695,XXX-XX-2856,False,False,True,Medium
130,1276,Home,47092.45,Approved,Theft,NV,113,0,2026-05-25 11:11:10.701717,XXX-XX-9080,True,True,True,Critical
131,1414,Auto,15173.15,Approved,Flood,KY,250,1,2026-05-25 11:11:10.701738,XXX-XX-1176,False,False,True,Medium
132,3068,Auto,1527.16,Approved,Accident,AK,215,0,2026-05-25 11:11:10.701759,XXX-XX-7694,False,False,False,Medium
133,3641,Life,26607.99,Approved,Fire,KS,111,0,2026-05-25 11:11:10.701791,XXX-XX-3444,False,True,False,High
134,4026,Home,4842.03,Denied,Fire,VI,286,0,2026-05-25 11:11:10.701813,XXX-XX-2724,False,True,False,Medium
135,3109,Life,1238.23,Approved,Flood,DE,286,0,2026-05-25 11:11:10.701835,XXX-XX-3082,False,False,False,Medium
136,1322,Home,36739.88,Approved,Flood,AK,191,1,2026-05-25 11:11:10.701856,XXX-XX-8347,True,False,True,High
137,3934,Auto,44844.19,Denied,Flood,NV,127,0,2026-05-25 11:11:10.701878,XXX-XX-6896,True,False,False,Critical
138,2370,Home,26751.51,Denied,Flood,KS,178,0,2026-05-25 11:11:10.701899,XXX-XX-6425,False,False,False,High
139,4734,Auto,47443.5,Pending,Fire,MH,291,0,2026-05-25 11:11:10.701920,XXX-XX-8042,True,True,True,Critical
140,2047,Home,45344.9,Denied,Flood,WV,153,0,2026-05-25 11:11:10.701942,XXX-XX-0796,True,False,False,Critical
141,2823,Life,5015.67,Pending,Flood,NJ,277,0,2026-05-25 11:11:10.701963,XXX-XX-7695,False,False,False,Medium
142,2579,Life,9065.05,Approved,Fire,VA,146,0,2026-05-25 11:11:10.701984,XXX-XX-7573,False,True,False,Medium
143,4376,Life,1941.58,Pending,Flood,GA,220,0,2026-05-25 11:11:10.702010,XXX-XX-5685,False,False,False,Medium
144,4797,Home,26874.83,Denied,Theft,UT,267,0,2026-05-25 11:11:10.702032,XXX-XX-0265,False,True,False,High
145,2885,Life,13549.01,Approved,Fire,LA,178,0,2026-05-25 11:11:10.702053,XXX-XX-2028,False,True,False,Medium
146,4807,Auto,25071.48,Pending,Theft,NC,126,0,2026-05-25 11:11:10.702074,XXX-XX-2287,False,True,False,High
147,2352,Home,14013.33,Pending,Theft,WV,186,0,2026-05-25 11:11:10.702101,XXX-XX-3126,False,True,False,Medium
148,2670,Auto,49938.51,Denied,Theft,LA,165,0,2026-05-25 11:11:10.702122,XXX-XX-6525,True,True,True,Critical
149,2997,Life,41529.03,Approved,Accident,MT,109,0,2026-05-25 11:11:10.702142,XXX-XX-0833,True,False,False,Critical
150,4375,Home,23119.56,Denied,Accident,ND,185,0,2026-05-25 11:11:10.702163,XXX-XX-0935,False,False,False,High
151,4740,Life,16285.56,Pending,Theft,PR,298,0,2026-05-25 11:11:10.702193,XXX-XX-3227,False,True,False,Medium
152,2443,Auto,14272.55,Pending,Theft,DE,281,0,2026-05-25 11:11:10.702215,XXX-XX-2712,False,True,False,Medium
153,1353,Auto,25518.31,Denied,Fire,VA,297,0,2026-05-25 11:11:10.702242,XXX-XX-2453,False,True,False,High
154,2485,Home,8371.23,Approved,Fire,IN,260,0,2026-05-25 11:11:10.702264,XXX-XX-1142,False,True,False,Medium
155,2985,Auto,9042.82,Pending,Theft,CT,165,0,2026-05-25 11:11:10.702284,XXX-XX-2554,False,True,False,Medium
156,3631,Auto,45104.58,Pending,Accident,MA,163,1,2026-05-25 11:11:10.702306,XXX-XX-1895,True,False,True,Critical
157,4860,Home,2283.25,Approved,Flood,AK,170,1,2026-05-25 11:11:10.702327,XXX-XX-4871,False,False,True,Medium
158,4455,Life,26473.72,Pending,Theft,MA,130,0,2026-05-25 11:11:10.702349,XXX-XX-6279,False,True,False,High
159,4447,Home,22298.64,Denied,Accident,MP,136,0,2026-05-25 11:11:10.702375,XXX-XX-7966,False,False,False,High
160,1227,Home,4501.05,Approved,Theft,MO,197,0,2026-05-25 11:11:10.702396,XXX-XX-2682,False,True,False,Medium
161,1378,Auto,14760.92,Pending,Flood,SC,158,0,2026-05-25 11:11:10.702417,XXX-XX-2824,False,False,False,Medium
162,2582,Life,19677.6,Denied,Fire,PW,195,0,2026-05-25 11:11:10.702439,XXX-XX-7954,False,True,False,Medium
163,1945,Home,6935.37,Approved,Theft,AZ,194,0,2026-05-25 11:11:10.702465,XXX-XX-1261,False,True,False,Medium
164,2988,Home,28669.51,Denied,Accident,WA,201,0,2026-05-25 11:11:10.702486,XXX-XX-4086,False,False,False,High
165,1811,Home,8743.54,Denied,Flood,MN,181,0,2026-05-25 11:11:10.702508,XXX-XX-2955,False,False,False,Medium
166,4659,Home,32116.94,Denied,Flood,CT,152,0,2026-05-25 11:11:10.702528,XXX-XX-1159,True,False,False,High
167,2626,Auto,18230.96,Approved,Flood,MH,109,0,2026-05-25 11:11:10.702549,XXX-XX-3691,False,False,False,Medium
168,1718,Life,19083.63,Approved,Theft,AR,106,0,2026-05-25 11:11:10.702571,XXX-XX-8396,False,True,False,Medium
169,1957,Home,16185.96,Approved,Flood,MA,245,0,2026-05-25 11:11:10.702592,XXX-XX-8832,False,False,False,Medium
170,1562,Auto,17580.77,Approved,Accident,TX,189,0,2026-05-25 11:11:10.702613,XXX-XX-9910,False,False,False,Medium
171,4896,Home,13106.9,Approved,Theft,WI,188,0,2026-05-25 11:11:10.702634,XXX-XX-9341,False,True,False,Medium
172,1742,Life,17315.85,Approved,Accident,NC,255,1,2026-05-25 11:11:10.702655,XXX-XX-1415,False,False,True,Medium
173,4748,Home,32545.16,Approved,Fire,RI,247,1,2026-05-25 11:11:10.702680,XXX-XX-3260,True,True,True,High
174,1935,Home,18577.41,Denied,Flood,LA,261,1,2026-05-25 11:11:10.702703,XXX-XX-5307,False,False,True,Medium
175,1322,Life,33626.35,Approved,Theft,ND,286,0,2026-05-25 11:11:10.702725,XXX-XX-1668,True,True,True,High
176,4562,Life,16659.42,Pending,Theft,AK,107,0,2026-05-25 11:11:10.702748,XXX-XX-4788,False,True,False,Medium
177,1157,Life,39845.01,Approved,Flood,IN,207,0,2026-05-25 11:11:10.702769,XXX-XX-6521,True,False,False,High
178,3406,Auto,49993.72,Approved,Fire,ID,266,1,2026-05-25 11:11:10.702791,XXX-XX-7571,True,True,True,Critical
179,1346,Life,34161.18,Approved,Fire,NE,142,1,2026-05-25 11:11:10.702812,XXX-XX-7945,True,True,True,High
180,4177,Home,9115.41,Pending,Fire,TN,163,0,2026-05-25 11:11:10.702833,XXX-XX-9711,False,True,False,Medium
181,3952,Home,40937.49,Approved,Fire,MH,171,0,2026-05-25 11:11:10.702860,XXX-XX-0481,True,True,True,Critical
182,3360,Auto,44170.27,Approved,Fire,WI,107,1,2026-05-25 11:11:10.702881,XXX-XX-9760,True,True,True,Critical
183,1746,Home,21065.32,Denied,Theft,WI,270,0,2026-05-25 11:11:10.702907,XXX-XX-9408,False,True,False,High
184,3168,Auto,1949.89,Denied,Theft,IN,117,0,2026-05-25 11:11:10.702928,XXX-XX-6234,False,True,False,Medium
185,4021,Auto,23596.72,Denied,Fire,AL,157,0,2026-05-25 11:11:10.702949,XXX-XX-3565,False,True,False,High
186,4894,Auto,19630.15,Approved,Fire,AZ,167,1,2026-05-25 11:11:10.702971,XXX-XX-3017,False,True,True,Medium
187,1974,Life,25352.08,Approved,Flood,KS,296,1,2026-05-25 11:11:10.702992,XXX-XX-5205,False,False,True,High
188,1855,Home,34552.57,Approved,Theft,TX,227,0,2026-05-25 11:11:10.703015,XXX-XX-0690,True,True,True,High
189,2716,Auto,11998.83,Pending,Theft,NM,163,0,2026-05-25 11:11:10.703037,XXX-XX-7961,False,True,False,Medium
190,3177,Auto,34960.56,Approved,Flood,IN,140,0,2026-05-25 11:11:10.703062,XXX-XX-3873,True,False,False,High
191,1822,Life,19070.28,Approved,Flood,IL,161,0,2026-05-25 11:11:10.703084,XXX-XX-9156,False,False,False,Medium
192,3323,Auto,9906.8,Pending,Flood,OR,125,0,2026-05-25 11:11:10.703105,XXX-XX-8344,False,False,False,Medium
193,3272,Life,41028.71,Pending,Fire,UT,273,0,2026-05-25 11:11:10.703132,XXX-XX-6734,True,True,True,Critical
194,1483,Home,10867.15,Denied,Accident,NY,168,0,2026-05-25 11:11:10.703154,XXX-XX-7065,False,False,False,Medium
195,3168,Auto,38861.0,Denied,Flood,WI,182,1,2026-05-25 11:11:10.703175,XXX-XX-3162,True,False,True,High
196,3999,Auto,49212.54,Approved,Fire,CO,165,1,2026-05-25 11:11:10.703196,XXX-XX-9544,True,True,True,Critical
197,3372,Auto,9301.04,Approved,Fire,IN,241,0,2026-05-25 11:11:10.703218,XXX-XX-5567,False,True,False,Medium
198,3246,Auto,31772.7,Approved,Theft,LA,174,0,2026-05-25 11:11:10.703239,XXX-XX-8766,True,True,True,High
199,4392,Home,25125.97,Pending,Flood,NM,111,0,2026-05-25 11:11:10.703260,XXX-XX-9091,False,False,False,High
200,1063,Home,9780.9,Denied,Flood,IN,118,0,2026-05-25 11:11:10.703281,XXX-XX-6111,False,False,False,Medium
201,3933,Auto,48651.99,Approved,Fire,VT,270,0,2026-05-25 11:11:10.703302,XXX-XX-3107,True,True,True,Critical
202,1552,Home,48517.56,Denied,Fire,AZ,297,0,2026-05-25 11:11:10.703323,XXX-XX-6229,True,True,True,Critical
203,4750,Home,1018.01,Approved,Theft,AL,284,0,2026-05-25 11:11:10.703350,XXX-XX-2104,False,True,False,Medium
204,4646,Home,35528.91,Approved,Fire,IN,290,0,2026-05-25 11:11:10.703375,XXX-XX-7267,True,True,True,High
205,4664,Home,10005.31,Pending,Fire,IL,296,1,2026-05-25 11:11:10.703397,XXX-XX-8575,False,True,True,Medium
206,3047,Auto,11415.99,Pending,Flood,MT,153,0,2026-05-25 11:11:10.703418,XXX-XX-4551,False,False,False,Medium
207,4222,Auto,3590.4,Approved,Accident,AL,250,0,2026-05-25 11:11:10.703440,XXX-XX-8853,False,False,False,Medium
208,1839,Life,26103.82,Approved,Flood,NV,131,1,2026-05-25 11:11:10.703461,XXX-XX-9160,False,False,True,High
209,3875,Life,37414.7,Pending,Fire,AZ,223,0,2026-05-25 11:11:10.703482,XXX-XX-7837,True,True,True,High
210,2161,Home,4355.15,Pending,Theft,ID,137,0,2026-05-25 11:11:10.703503,XXX-XX-3051,False,True,False,Medium
211,3392,Home,35442.1,Denied,Theft,CO,176,0,2026-05-25 11:11:10.703523,XXX-XX-3807,True,True,True,High
212,4682,Auto,38038.11,Pending,Flood,MP,248,0,2026-05-25 11:11:10.703544,XXX-XX-4201,True,False,False,High
213,1931,Auto,37096.04,Denied,Flood,SC,154,0,2026-05-25 11:11:10.703569,XXX-XX-2800,True,False,False,High
214,2396,Life,48543.93,Pending,Fire,HI,221,0,2026-05-25 11:11:10.703591,XXX-XX-2223,True,True,True,Critical
215,3231,Auto,46960.22,Pending,Theft,MD,139,0,2026-05-25 11:11:10.703612,XXX-XX-4552,True,True,True,Critical
216,2171,Home,31592.09,Approved,Theft,MN,272,0,2026-05-25 11:11:10.703633,XXX-XX-4582,True,True,True,High
217,3298,Life,47849.52,Denied,Accident,KS,210,0,2026-05-25 11:11:10.703654,XXX-XX-7870,True,False,False,Critical
218,1254,Home,27972.89,Approved,Fire,CO,245,0,2026-05-25 11:11:10.703682,XXX-XX-1338,False,True,False,High
219,2232,Auto,1126.62,Pending,Theft,WA,157,1,2026-05-25 11:11:10.703720,XXX-XX-5333,False,True,True,Medium
220,4915,Home,19138.51,Pending,Theft,IN,113,0,2026-05-25 11:11:10.703735,XXX-XX-5246,False,True,False,Medium
221,1523,Home,1003.08,Pending,Theft,VT,102,1,2026-05-25 11:11:10.703752,XXX-XX-0147,False,True,True,Medium
222,1087,Home,44304.41,Pending,Accident,PR,111,0,2026-05-25 11:11:10.703772,XXX-XX-7314,True,False,False,Critical
223,3466,Home,23490.62,Pending,Accident,AL,196,0,2026-05-25 11:11:10.703792,XXX-XX-9420,False,False,False,High
224,1558,Life,10267.26,Denied,Accident,LA,225,0,2026-05-25 11:11:10.703809,XXX-XX-4205,False,False,False,Medium
225,1013,Home,2898.77,Pending,Accident,PR,105,1,2026-05-25 11:11:10.703825,XXX-XX-1643,False,False,True,Medium
226,4922,Life,6165.96,Denied,Flood,PA,122,0,2026-05-25 11:11:10.703842,XXX-XX-7946,False,False,False,Medium
227,3836,Home,16078.66,Pending,Theft,NC,273,0,2026-05-25 11:11:10.703858,XXX-XX-6661,False,True,False,Medium
228,1142,Life,18539.2,Approved,Fire,WY,222,1,2026-05-25 11:11:10.703874,XXX-XX-6688,False,True,True,Medium
229,1104,Auto,46166.09,Pending,Fire,GA,154,0,2026-05-25 11:11:10.703891,XXX-XX-4510,True,True,True,Critical
230,1765,Auto,46546.58,Approved,Fire,CO,204,0,2026-05-25 11:11:10.703907,XXX-XX-5130,True,True,True,Critical
231,3562,Auto,41273.21,Denied,Flood,VA,125,0,2026-05-25 11:11:10.703923,XXX-XX-6922,True,False,False,Critical
232,1373,Auto,21030.28,Approved,Fire,LA,143,1,2026-05-25 11:11:10.703939,XXX-XX-3094,False,True,True,High
233,4651,Life,22473.46,Approved,Accident,NC,139,0,2026-05-25 11:11:10.703959,XXX-XX-3791,False,False,False,High
234,3753,Auto,43240.66,Pending,Flood,CT,253,1,2026-05-25 11:11:10.703978,XXX-XX-9558,True,False,True,Critical
235,1072,Auto,12787.32,Pending,Accident,VT,103,1,2026-05-25 11:11:10.703994,XXX-XX-8538,False,False,True,Medium
236,2076,Life,40642.39,Denied,Flood,NE,151,0,2026-05-25 11:11:10.704010,XXX-XX-4135,True,False,False,Critical
237,2728,Home,29997.05,Denied,Accident,NY,145,0,2026-05-25 11:11:10.704027,XXX-XX-3740,False,False,False,High
238,1438,Life,33174.47,Pending,Flood,RI,132,1,2026-05-25 11:11:10.704043,XXX-XX-5124,True,False,True,High
239,3960,Home,13719.01,Denied,Fire,AR,108,0,2026-05-25 11:11:10.704059,XXX-XX-9513,False,True,False,Medium
240,1625,Home,30637.35,Approved,Fire,AZ,230,0,2026-05-25 11:11:10.704075,XXX-XX-4280,True,True,True,High
241,2191,Life,24807.69,Pending,Flood,FM,243,1,2026-05-25 11:11:10.704091,XXX-XX-3689,False,False,True,High
242,3668,Auto,7827.76,Approved,Accident,ME,100,0,2026-05-25 11:11:10.704107,XXX-XX-2298,False,False,False,Medium
243,2729,Auto,29491.6,Denied,Accident,ME,158,0,2026-05-25 11:11:10.704127,XXX-XX-1161,False,False,False,High
244,2204,Home,31132.1,Pending,Theft,ID,117,0,2026-05-25 11:11:10.704144,XXX-XX-0406,True,True,True,High
245,4586,Life,44465.39,Denied,Fire,PR,103,0,2026-05-25 11:11:10.704161,XXX-XX-3564,True,True,True,Critical
246,2038,Auto,41830.06,Approved,Flood,KS,116,1,2026-05-25 11:11:10.704178,XXX-XX-7392,True,False,True,Critical
247,3110,Home,25265.95,Pending,Flood,RI,225,1,2026-05-25 11:11:10.704194,XXX-XX-3644,False,False,True,High
248,1126,Home,42794.98,Approved,Accident,CT,140,0,2026-05-25 11:11:10.704212,XXX-XX-4377,True,False,False,Critical
249,3168,Auto,16637.31,Denied,Fire,OK,153,0,2026-05-25 11:11:10.704229,XXX-XX-1981,False,True,False,Medium
250,4506,Home,2809.28,Denied,Flood,SC,189,0,2026-05-25 11:11:10.704245,XXX-XX-2991,False,False,False,Medium
251,2742,Life,23824.67,Approved,Accident,NH,112,0,2026-05-25 11:11:10.704262,XXX-XX-6951,False,False,False,High
252,3635,Auto,29399.2,Approved,Fire,AK,241,0,2026-05-25 11:11:10.704279,XXX-XX-8467,False,True,False,High
253,1580,Home,7205.28,Approved,Flood,AR,265,0,2026-05-25 11:11:10.704299,XXX-XX-3303,False,False,False,Medium
254,3108,Home,16971.44,Approved,Theft,UT,195,1,2026-05-25 11:11:10.704320,XXX-XX-7948,False,True,True,Medium
255,2329,Auto,8274.81,Denied,Fire,PW,291,0,2026-05-25 11:11:10.704337,XXX-XX-9732,False,True,False,Medium
256,3483,Home,13600.05,Denied,Fire,NC,270,0,2026-05-25 11:11:10.704355,XXX-XX-7351,False,True,False,Medium
257,2281,Life,19926.99,Denied,Fire,NC,228,0,2026-05-25 11:11:10.704371,XXX-XX-2104,False,True,False,Medium
258,4167,Life,28381.86,Pending,Flood,FL,252,0,2026-05-25 11:11:10.704388,XXX-XX-8091,False,False,False,High
259,3154,Auto,30882.33,Denied,Flood,NH,165,0,2026-05-25 11:11:10.704405,XXX-XX-3492,True,False,False,High
260,4919,Auto,6315.61,Approved,Accident,SC,300,0,2026-05-25 11:11:10.704421,XXX-XX-0591,False,False,False,Medium
261,2191,Life,26139.9,Denied,Theft,KY,234,0,2026-05-25 11:11:10.704441,XXX-XX-8574,False,True,False,High
262,3951,Auto,19567.74,Pending,Accident,AK,173,0,2026-05-25 11:11:10.704459,XXX-XX-2044,False,False,False,Medium
263,1344,Life,44435.94,Pending,Accident,GA,138,0,2026-05-25 11:11:10.704479,XXX-XX-4983,True,False,False,Critical
264,1924,Auto,12686.51,Approved,Fire,AS,298,0,2026-05-25 11:11:10.704495,XXX-XX-5934,False,True,False,Medium
265,3844,Life,4788.87,Pending,Fire,AR,258,0,2026-05-25 11:11:10.704512,XXX-XX-1993,False,True,False,Medium
266,4365,Home,6685.04,Denied,Fire,FM,207,0,2026-05-25 11:11:10.704532,XXX-XX-2018,False,True,False,Medium
267,4433,Auto,11303.53,Pending,Fire,KS,242,1,2026-05-25 11:11:10.704549,XXX-XX-8207,False,True,True,Medium
268,1859,Life,31807.89,Approved,Theft,WV,124,0,2026-05-25 11:11:10.704565,XXX-XX-6591,True,True,True,High
269,3540,Life,49504.71,Approved,Flood,VA,229,0,2026-05-25 11:11:10.704582,XXX-XX-4235,True,False,False,Critical
270,1997,Home,5840.22,Denied,Theft,OR,289,1,2026-05-25 11:11:10.704599,XXX-XX-2211,False,True,True,Medium
271,3893,Life,46912.87,Approved,Fire,AL,221,0,2026-05-25 11:11:10.704615,XXX-XX-4147,True,True,True,Critical
272,1845,Auto,23621.34,Approved,Accident,WA,186,0,2026-05-25 11:11:10.704631,XXX-XX-8744,False,False,False,High
273,2243,Life,8256.2,Denied,Theft,HI,208,0,2026-05-25 11:11:10.704651,XXX-XX-0695,False,True,False,Medium
274,4315,Home,16335.62,Approved,Fire,ID,120,0,2026-05-25 11:11:10.704668,XXX-XX-6941,False,True,False,Medium
275,1954,Auto,7993.28,Denied,Accident,MD,192,0,2026-05-25 11:11:10.704689,XXX-XX-0036,False,False,False,Medium
276,3142,Auto,15235.27,Pending,Flood,IL,284,0,2026-05-25 11:11:10.704706,XXX-XX-6176,False,False,False,Medium
277,4880,Life,43876.35,Approved,Accident,DC,195,0,2026-05-25 11:11:10.704723,XXX-XX-1070,True,False,False,Critical
278,4781,Life,36216.11,Approved,Flood,IL,147,0,2026-05-25 11:11:10.704739,XXX-XX-1761,True,False,False,High
279,2744,Home,24385.12,Pending,Fire,DC,252,1,2026-05-25 11:11:10.704755,XXX-XX-5920,False,True,True,High
280,1481,Life,5436.51,Denied,Fire,WY,127,0,2026-05-25 11:11:10.704771,XXX-XX-8951,False,True,False,Medium
281,2861,Auto,42054.93,Denied,Flood,VI,252,0,2026-05-25 11:11:10.704787,XXX-XX-1607,True,False,False,Critical
282,1877,Life,13515.37,Pending,Accident,MA,179,1,2026-05-25 11:11:10.704803,XXX-XX-8562,False,False,True,Medium
283,2447,Life,11643.27,Approved,Fire,MP,252,0,2026-05-25 11:11:10.704823,XXX-XX-9304,False,True,False,Medium
284,1554,Auto,4404.71,Denied,Flood,IA,253,0,2026-05-25 11:11:10.704840,XXX-XX-6650,False,False,False,Medium
285,4209,Home,31878.22,Approved,Accident,WY,146,0,2026-05-25 11:11:10.704857,XXX-XX-4520,True,False,False,High
286,4566,Auto,17680.13,Pending,Fire,WY,100,0,2026-05-25 11:11:10.704876,XXX-XX-7575,False,True,False,Medium
287,4139,Auto,14688.48,Pending,Fire,ME,222,0,2026-05-25 11:11:10.704893,XXX-XX-7695,False,True,False,Medium
288,2534,Home,15312.3,Denied,Accident,MT,261,0,2026-05-25 11:11:10.704909,XXX-XX-0332,False,False,False,Medium
289,3880,Auto,42727.31,Approved,Accident,AS,127,0,2026-05-25 11:11:10.704926,XXX-XX-5231,True,False,False,Critical
290,1609,Life,23895.21,Denied,Flood,CO,238,0,2026-05-25 11:11:10.704942,XXX-XX-5251,False,False,False,High
291,4038,Auto,3375.76,Pending,Fire,GU,225,0,2026-05-25 11:11:10.704960,XXX-XX-7680,False,True,False,Medium
292,4469,Life,22127.32,Approved,Accident,IA,116,0,2026-05-25 11:11:10.704976,XXX-XX-1572,False,False,False,High
293,4317,Life,28016.74,Denied,Fire,NV,267,0,2026-05-25 11:11:10.704995,XXX-XX-0437,False,True,False,High
294,4248,Life,11673.34,Denied,Fire,IL,229,1,2026-05-25 11:11:10.705012,XXX-XX-0295,False,True,True,Medium
295,3464,Life,49736.67,Approved,Fire,DE,161,0,2026-05-25 11:11:10.705029,XXX-XX-4717,True,True,True,Critical
296,2175,Life,28833.94,Denied,Accident,NY,151,0,2026-05-25 11:11:10.705045,XXX-XX-3672,False,False,False,High
297,3357,Home,23599.88,Denied,Theft,SC,266,0,2026-05-25 11:11:10.705061,XXX-XX-9213,False,True,False,High
298,1425,Auto,8538.52,Pending,Accident,MT,143,0,2026-05-25 11:11:10.705077,XXX-XX-8283,False,False,False,Medium
299,1858,Home,32325.88,Approved,Theft,OR,205,0,2026-05-25 11:11:10.705094,XXX-XX-5480,True,True,True,High
300,2837,Life,5828.79,Approved,Theft,IL,144,0,2026-05-25 11:11:10.705110,XXX-XX-6933,False,True,False,Medium
301,3310,Life,31558.83,Denied,Accident,LA,265,0,2026-05-25 11:11:10.705127,XXX-XX-3030,True,False,False,High
302,2299,Life,11702.11,Approved,Fire,FL,261,0,2026-05-25 11:11:10.705162,XXX-XX-9699,False,True,False,Medium
303,1309,Home,9147.22,Approved,Theft,WI,210,1,2026-05-25 11:11:10.705183,XXX-XX-2381,False,True,True,Medium
304,1329,Life,43761.66,Approved,Flood,MA,194,0,2026-05-25 11:11:10.705200,XXX-XX-1434,True,False,False,Critical
305,2509,Life,41605.15,Pending,Accident,MA,236,0,2026-05-25 11:11:10.705216,XXX-XX-4165,True,False,False,Critical
306,3755,Auto,16889.13,Approved,Theft,UT,240,0,2026-05-25 11:11:10.705233,XXX-XX-4364,False,True,False,Medium
307,4166,Life,33614.84,Approved,Accident,NV,145,0,2026-05-25 11:11:10.705250,XXX-XX-2225,True,False,False,High
308,2310,Life,36366.85,Denied,Flood,TN,182,1,2026-05-25 11:11:10.705267,XXX-XX-8049,True,False,True,High
309,4499,Home,24275.1,Denied,Fire,ME,257,1,2026-05-25 11:11:10.705283,XXX-XX-5927,False,True,True,High
310,4067,Home,46536.48,Approved,Accident,MD,234,0,2026-05-25 11:11:10.705300,XXX-XX-5460,True,False,False,Critical
311,3607,Auto,38358.72,Approved,Fire,ND,151,0,2026-05-25 11:11:10.705317,XXX-XX-7832,True,True,True,High
312,3458,Home,23562.67,Approved,Accident,WY,105,1,2026-05-25 11:11:10.705333,XXX-XX-8113,False,False,True,High
313,4510,Auto,5340.24,Approved,Fire,PW,180,0,2026-05-25 11:11:10.705353,XXX-XX-3742,False,True,False,Medium
314,1883,Life,29126.22,Approved,Flood,MS,193,1,2026-05-25 11:11:10.705370,XXX-XX-6651,False,False,True,High
315,1332,Auto,23326.38,Approved,Accident,OH,254,0,2026-05-25 11:11:10.705387,XXX-XX-3279,False,False,False,High
316,1549,Auto,25482.1,Approved,Flood,IA,255,0,2026-05-25 11:11:10.705403,XXX-XX-2488,False,False,False,High
317,3535,Life,49112.98,Pending,Fire,LA,282,1,2026-05-25 11:11:10.705423,XXX-XX-4409,True,True,True,Critical
318,4551,Life,47411.07,Pending,Accident,NH,259,1,2026-05-25 11:11:10.705440,XXX-XX-6589,True,False,True,Critical
319,4906,Life,1439.49,Approved,Accident,LA,203,1,2026-05-25 11:11:10.705457,XXX-XX-1571,False,False,True,Medium
320,3237,Auto,15258.56,Denied,Fire,ID,286,1,2026-05-25 11:11:10.705474,XXX-XX-3517,False,True,True,Medium
321,3636,Life,20680.62,Denied,Accident,VI,182,0,2026-05-25 11:11:10.705491,XXX-XX-9078,False,False,False,High
322,2671,Home,21951.7,Pending,Flood,KY,255,0,2026-05-25 11:11:10.705508,XXX-XX-4502,False,False,False,High
323,1100,Home,8601.06,Denied,Theft,VI,209,0,2026-05-25 11:11:10.705529,XXX-XX-2282,False,True,False,Medium
324,1565,Home,21592.29,Denied,Accident,WA,300,0,2026-05-25 11:11:10.705545,XXX-XX-5769,False,False,False,High
325,3072,Life,10063.98,Pending,Theft,NJ,218,0,2026-05-25 11:11:10.705562,XXX-XX-1982,False,True,False,Medium
326,1692,Home,27297.26,Pending,Fire,PR,120,0,2026-05-25 11:11:10.705579,XXX-XX-9083,False,True,False,High
327,3871,Home,48207.26,Denied,Flood,IA,136,0,2026-05-25 11:11:10.705595,XXX-XX-6449,True,False,False,Critical
328,2621,Life,48488.14,Approved,Accident,MO,115,0,2026-05-25 11:11:10.705612,XXX-XX-0331,True,False,False,Critical
329,3169,Home,7186.53,Pending,Fire,TN,202,0,2026-05-25 11:11:10.705628,XXX-XX-4942,False,True,False,Medium
330,4591,Home,40205.74,Pending,Flood,MO,226,0,2026-05-25 11:11:10.705645,XXX-XX-6230,True,False,False,Critical
331,4891,Life,39099.24,Approved,Flood,TN,156,0,2026-05-25 11:11:10.705662,XXX-XX-8855,True,False,False,High
332,1672,Auto,41162.0,Pending,Accident,ND,208,0,2026-05-25 11:11:10.705678,XXX-XX-9517,True,False,False,Critical
333,2537,Life,34141.69,Approved,Fire,WI,143,0,2026-05-25 11:11:10.705697,XXX-XX-4191,True,True,True,High
334,2460,Life,21082.47,Pending,Theft,TX,249,0,2026-05-25 11:11:10.705714,XXX-XX-1032,False,True,False,High
335,4008,Auto,44845.17,Approved,Accident,WA,192,0,2026-05-25 11:11:10.705731,XXX-XX-6680,True,False,False,Critical
336,2929,Home,47902.2,Pending,Accident,AR,288,1,2026-05-25 11:11:10.705748,XXX-XX-7529,True,False,True,Critical
337,1215,Home,26085.58,Denied,Flood,MH,149,0,2026-05-25 11:11:10.705764,XXX-XX-5978,False,False,False,High
338,3402,Home,13965.92,Pending,Theft,HI,110,0,2026-05-25 11:11:10.705824,XXX-XX-0130,False,True,False,Medium
339,1627,Home,6418.16,Pending,Accident,PA,129,0,2026-05-25 11:11:10.705873,XXX-XX-1241,False,False,False,Medium
340,3323,Auto,24096.42,Approved,Theft,GU,195,0,2026-05-25 11:11:10.705897,XXX-XX-9174,False,True,False,High
341,1771,Auto,1293.54,Denied,Theft,TX,192,0,2026-05-25 11:11:10.705925,XXX-XX-9718,False,True,False,Medium
342,1292,Life,28409.34,Denied,Flood,NC,265,0,2026-05-25 11:11:10.705944,XXX-XX-5100,False,False,False,High
343,3310,Auto,2617.69,Pending,Accident,WY,235,0,2026-05-25 11:11:10.705967,XXX-XX-2696,False,False,False,Medium
344,4958,Auto,17514.15,Denied,Fire,ND,215,0,2026-05-25 11:11:10.705991,XXX-XX-5680,False,True,False,Medium
345,3430,Home,17883.68,Denied,Flood,FL,234,1,2026-05-25 11:11:10.706009,XXX-XX-7857,False,False,True,Medium
346,1087,Auto,42727.95,Pending,Accident,WV,197,1,2026-05-25 11:11:10.706027,XXX-XX-5675,True,False,True,Critical
347,4908,Home,11714.24,Denied,Theft,LA,125,0,2026-05-25 11:11:10.706044,XXX-XX-1050,False,True,False,Medium
348,2728,Auto,47765.87,Denied,Accident,AR,284,0,2026-05-25 11:11:10.706062,XXX-XX-8698,True,False,False,Critical
349,3436,Auto,43631.74,Pending,Accident,MI,103,0,2026-05-25 11:11:10.706083,XXX-XX-6498,True,False,False,Critical
350,2343,Home,7677.05,Approved,Flood,MO,131,0,2026-05-25 11:11:10.706101,XXX-XX-4594,False,False,False,Medium
351,3431,Life,15016.28,Pending,Flood,MN,291,0,2026-05-25 11:11:10.706174,XXX-XX-3466,False,False,False,Medium
352,2556,Life,27895.42,Approved,Flood,FM,222,1,2026-05-25 11:11:10.706220,XXX-XX-8429,False,False,True,High
353,2443,Auto,39883.66,Approved,Flood,SD,101,0,2026-05-25 11:11:10.706251,XXX-XX-0739,True,False,False,High
354,1875,Auto,29977.76,Pending,Accident,VT,243,1,2026-05-25 11:11:10.706275,XXX-XX-1103,False,False,True,High
355,1467,Auto,47330.34,Approved,Fire,GU,240,1,2026-05-25 11:11:10.706294,XXX-XX-0524,True,True,True,Critical
356,2333,Auto,34811.82,Denied,Flood,HI,222,0,2026-05-25 11:11:10.706315,XXX-XX-0331,True,False,False,High
357,3238,Home,2505.26,Denied,Theft,MT,169,1,2026-05-25 11:11:10.706334,XXX-XX-8042,False,True,True,Medium
358,2020,Auto,4904.6,Approved,Theft,KS,102,1,2026-05-25 11:11:10.706352,XXX-XX-6278,False,True,True,Medium
359,1251,Home,4938.29,Approved,Fire,WY,211,0,2026-05-25 11:11:10.706370,XXX-XX-5687,False,True,False,Medium
360,4471,Home,36514.04,Approved,Theft,ME,131,0,2026-05-25 11:11:10.706387,XXX-XX-1600,True,True,True,High
361,3858,Auto,30109.76,Denied,Theft,HI,170,0,2026-05-25 11:11:10.706405,XXX-XX-4113,True,True,True,High
362,4446,Auto,6731.44,Denied,Accident,VT,148,0,2026-05-25 11:11:10.706423,XXX-XX-0713,False,False,False,Medium
363,1149,Home,18277.15,Approved,Theft,NH,126,0,2026-05-25 11:11:10.706444,XXX-XX-9683,False,True,False,Medium
364,1398,Auto,9098.53,Pending,Theft,FM,149,0,2026-05-25 11:11:10.706461,XXX-XX-2193,False,True,False,Medium
365,4096,Auto,31183.04,Denied,Theft,MD,246,0,2026-05-25 11:11:10.706480,XXX-XX-7149,True,True,True,High
366,4702,Auto,40946.9,Approved,Accident,AK,190,0,2026-05-25 11:11:10.706497,XXX-XX-7682,True,False,False,Critical
367,2575,Auto,27105.54,Approved,Flood,MD,192,1,2026-05-25 11:11:10.706515,XXX-XX-8359,False,False,True,High
368,3417,Auto,6014.09,Pending,Flood,CT,221,0,2026-05-25 11:11:10.706532,XXX-XX-3507,False,False,False,Medium
369,4622,Auto,47863.21,Denied,Fire,MH,214,0,2026-05-25 11:11:10.706549,XXX-XX-0752,True,True,True,Critical
370,1468,Home,3489.26,Pending,Theft,AK,129,0,2026-05-25 11:11:10.706566,XXX-XX-8615,False,True,False,Medium
371,4861,Home,14468.92,Approved,Theft,MO,243,0,2026-05-25 11:11:10.706582,XXX-XX-9633,False,True,False,Medium
372,3481,Home,39292.51,Denied,Flood,ME,199,0,2026-05-25 11:11:10.706599,XXX-XX-6984,True,False,False,High
373,4475,Auto,20030.68,Denied,Accident,NM,117,0,2026-05-25 11:11:10.706633,XXX-XX-6336,False,False,False,High
374,1753,Auto,40070.11,Approved,Fire,CO,155,1,2026-05-25 11:11:10.706651,XXX-XX-2764,True,True,True,Critical
375,3001,Life,27569.27,Pending,Fire,AS,126,0,2026-05-25 11:11:10.706669,XXX-XX-7017,False,True,False,High
376,1365,Home,11202.69,Pending,Fire,AK,241,1,2026-05-25 11:11:10.706685,XXX-XX-1668,False,True,True,Medium
377,2523,Home,30820.0,Denied,Fire,MA,174,0,2026-05-25 11:11:10.706702,XXX-XX-3288,True,True,True,High
378,2092,Home,26144.92,Pending,Accident,MS,136,0,2026-05-25 11:11:10.706719,XXX-XX-4804,False,False,False,High
379,1289,Life,43405.17,Approved,Flood,GU,139,0,2026-05-25 11:11:10.706735,XXX-XX-3159,True,False,False,Critical
380,4111,Life,43216.39,Denied,Theft,KS,144,0,2026-05-25 11:11:10.706752,XXX-XX-7669,True,True,True,Critical
381,1018,Life,28897.3,Pending,Accident,CO,204,0,2026-05-25 11:11:10.706773,XXX-XX-5584,False,False,False,High
382,3336,Home,38893.78,Denied,Accident,IA,236,0,2026-05-25 11:11:10.706790,XXX-XX-7619,True,False,False,High
383,4448,Home,14990.48,Approved,Accident,GU,195,0,2026-05-25 11:11:10.706813,XXX-XX-2247,False,False,False,Medium
384,1900,Home,32312.6,Pending,Theft,OR,294,0,2026-05-25 11:11:10.706831,XXX-XX-4409,True,True,True,High
385,1100,Auto,31903.33,Denied,Accident,NC,227,0,2026-05-25 11:11:10.706849,XXX-XX-3266,True,False,False,High
386,4566,Auto,34787.93,Pending,Theft,FM,243,0,2026-05-25 11:11:10.706866,XXX-XX-5111,True,True,True,High
387,2234,Auto,45497.51,Approved,Fire,WY,158,0,2026-05-25 11:11:10.706883,XXX-XX-6741,True,True,True,Critical
388,1739,Home,39163.98,Denied,Theft,IA,211,1,2026-05-25 11:11:10.706901,XXX-XX-9083,True,True,True,High
389,2792,Life,23331.19,Denied,Flood,IN,156,0,2026-05-25 11:11:10.706918,XXX-XX-4133,False,False,False,High
390,2683,Auto,39248.48,Approved,Fire,TN,232,1,2026-05-25 11:11:10.706934,XXX-XX-2445,True,True,True,High
391,3667,Home,9332.15,Approved,Fire,NE,115,1,2026-05-25 11:11:10.706958,XXX-XX-8747,False,True,True,Medium
392,2820,Life,13387.37,Approved,Flood,FM,114,0,2026-05-25 11:11:10.706975,XXX-XX-0881,False,False,False,Medium
393,4795,Home,39296.6,Denied,Accident,NM,215,0,2026-05-25 11:11:10.706996,XXX-XX-2827,True,False,False,High
394,2425,Home,29074.44,Denied,Fire,RI,160,0,2026-05-25 11:11:10.707013,XXX-XX-0334,False,True,False,High
395,1412,Life,39577.11,Pending,Accident,FL,132,0,2026-05-25 11:11:10.707029,XXX-XX-7836,True,False,False,High
396,4401,Auto,31097.5,Approved,Fire,IA,130,0,2026-05-25 11:11:10.707046,XXX-XX-7641,True,True,True,High
397,3205,Auto,49938.36,Approved,Theft,GU,128,1,2026-05-25 11:11:10.707063,XXX-XX-7969,True,True,True,Critical
398,3474,Home,6928.5,Pending,Accident,AL,147,0,2026-05-25 11:11:10.707079,XXX-XX-2168,False,False,False,Medium
399,3191,Auto,12728.56,Approved,Flood,AS,113,0,2026-05-25 11:11:10.707095,XXX-XX-9485,False,False,False,Medium
400,1313,Auto,45665.89,Pending,Accident,MI,215,0,2026-05-25 11:11:10.707112,XXX-XX-4965,True,False,False,Critical
401,2457,Auto,43093.06,Pending,Flood,KS,135,0,2026-05-25 11:11:10.707128,XXX-XX-8687,True,False,False,Critical
402,3757,Life,47422.73,Approved,Accident,UT,134,0,2026-05-25 11:11:10.707150,XXX-XX-4568,True,False,False,Critical
403,3368,Auto,48048.16,Pending,Flood,AZ,135,0,2026-05-25 11:11:10.707173,XXX-XX-5688,True,False,False,Critical
404,1470,Life,3704.25,Pending,Theft,DC,179,0,2026-05-25 11:11:10.707189,XXX-XX-2967,False,True,False,Medium
405,1418,Auto,40360.49,Denied,Flood,VA,205,0,2026-05-25 11:11:10.707206,XXX-XX-1646,True,False,False,Critical
406,4785,Life,23480.94,Pending,Fire,MA,212,1,2026-05-25 11:11:10.707222,XXX-XX-5183,False,True,True,High
407,3976,Life,45596.51,Approved,Fire,ND,113,1,2026-05-25 11:11:10.707238,XXX-XX-6897,True,True,True,Critical
408,1419,Home,6183.81,Denied,Fire,WY,136,1,2026-05-25 11:11:10.707254,XXX-XX-9500,False,True,True,Medium
409,3214,Home,12876.89,Approved,Flood,WV,268,0,2026-05-25 11:11:10.707271,XXX-XX-6001,False,False,False,Medium
410,3872,Life,10747.2,Approved,Flood,TX,117,0,2026-05-25 11:11:10.707287,XXX-XX-1935,False,False,False,Medium
411,1029,Auto,48628.37,Pending,Fire,MO,199,1,2026-05-25 11:11:10.707303,XXX-XX-5211,True,True,True,Critical
412,3715,Life,13338.73,Denied,Flood,CT,182,1,2026-05-25 11:11:10.707319,XXX-XX-2468,False,False,True,Medium
413,4648,Life,36502.59,Approved,Fire,SD,214,0,2026-05-25 11:11:10.707341,XXX-XX-5429,True,True,True,High
414,4896,Home,5709.27,Approved,Theft,VT,151,0,2026-05-25 11:11:10.707365,XXX-XX-5626,False,True,False,Medium
415,4891,Home,5204.25,Approved,Theft,TN,104,1,2026-05-25 11:11:10.707383,XXX-XX-1265,False,True,True,Medium
416,2266,Auto,15284.22,Pending,Flood,NV,233,0,2026-05-25 11:11:10.707400,XXX-XX-3568,False,False,False,Medium
417,2429,Auto,2282.66,Approved,Fire,NV,173,0,2026-05-25 11:11:10.707417,XXX-XX-8878,False,True,False,Medium
418,1538,Home,42547.64,Denied,Accident,DE,285,0,2026-05-25 11:11:10.707434,XXX-XX-7741,True,False,False,Critical
419,2369,Life,34191.19,Approved,Flood,HI,216,0,2026-05-25 11:11:10.707450,XXX-XX-0331,True,False,False,High
420,3505,Home,43607.05,Approved,Accident,VA,223,1,2026-05-25 11:11:10.707467,XXX-XX-1998,True,False,True,Critical
421,1478,Life,27813.74,Approved,Fire,AK,126,0,2026-05-25 11:11:10.707484,XXX-XX-3668,False,True,False,High
422,1102,Life,2157.26,Denied,Flood,WV,141,0,2026-05-25 11:11:10.707500,XXX-XX-0432,False,False,False,Medium
423,4950,Home,22982.92,Pending,Fire,IL,211,1,2026-05-25 11:11:10.707521,XXX-XX-4377,False,True,True,High
424,3290,Home,25853.76,Pending,Fire,WA,102,0,2026-05-25 11:11:10.707541,XXX-XX-6768,False,True,False,High
425,4147,Home,40279.17,Denied,Accident,VA,217,0,2026-05-25 11:11:10.707557,XXX-XX-5460,True,False,False,Critical
426,4106,Life,22353.44,Denied,Theft,NE,257,0,2026-05-25 11:11:10.707574,XXX-XX-5861,False,True,False,High
427,3362,Auto,9087.38,Denied,Accident,DE,227,0,2026-05-25 11:11:10.707590,XXX-XX-1402,False,False,False,Medium
428,3647,Home,12293.91,Approved,Theft,MT,127,0,2026-05-25 11:11:10.707606,XXX-XX-1614,False,True,False,Medium
429,1120,Home,2230.81,Approved,Accident,WI,174,0,2026-05-25 11:11:10.707622,XXX-XX-1041,False,False,False,Medium
430,4811,Home,14644.23,Pending,Accident,IN,152,1,2026-05-25 11:11:10.707639,XXX-XX-2777,False,False,True,Medium
431,3601,Home,42290.4,Pending,Fire,FL,102,0,2026-05-25 11:11:10.707655,XXX-XX-9084,True,True,True,Critical
432,1703,Home,40118.47,Approved,Flood,VA,189,0,2026-05-25 11:11:10.707671,XXX-XX-2200,True,False,False,Critical
433,1917,Home,34171.22,Approved,Fire,TX,290,1,2026-05-25 11:11:10.707692,XXX-XX-6322,True,True,True,High
434,3631,Life,7681.17,Denied,Fire,NM,138,0,2026-05-25 11:11:10.707708,XXX-XX-4801,False,True,False,Medium
435,4387,Home,26659.62,Approved,Accident,TX,164,1,2026-05-25 11:11:10.707725,XXX-XX-9781,False,False,True,High
436,3933,Life,46401.01,Approved,Accident,MT,159,1,2026-05-25 11:11:10.707745,XXX-XX-4801,True,False,True,Critical
437,1570,Auto,12623.08,Pending,Theft,RI,191,0,2026-05-25 11:11:10.707763,XXX-XX-5532,False,True,False,Medium
438,2239,Home,4499.71,Approved,Accident,PA,146,1,2026-05-25 11:11:10.707779,XXX-XX-1244,False,False,True,Medium
439,4636,Home,21564.92,Denied,Flood,PW,126,0,2026-05-25 11:11:10.707796,XXX-XX-5460,False,False,False,High
440,2886,Auto,43797.24,Denied,Flood,HI,256,1,2026-05-25 11:11:10.707812,XXX-XX-1323,True,False,True,Critical
441,1206,Home,39865.4,Pending,Flood,MD,101,0,2026-05-25 11:11:10.707828,XXX-XX-2841,True,False,False,High
442,1061,Home,30809.1,Approved,Theft,NE,235,0,2026-05-25 11:11:10.707845,XXX-XX-3996,True,True,True,High
443,4348,Life,23189.21,Denied,Accident,CA,277,1,2026-05-25 11:11:10.707865,XXX-XX-3369,False,False,True,High
444,2794,Life,19236.29,Pending,Fire,VI,282,0,2026-05-25 11:11:10.707882,XXX-XX-6649,False,True,False,Medium
445,3637,Auto,18496.7,Pending,Fire,HI,250,0,2026-05-25 11:11:10.707911,XXX-XX-9302,False,True,False,Medium
446,2118,Auto,31596.08,Pending,Fire,ME,147,0,2026-05-25 11:11:10.707932,XXX-XX-9677,True,True,True,High
447,1375,Life,7082.1,Approved,Fire,NV,136,1,2026-05-25 11:11:10.707952,XXX-XX-0994,False,True,True,Medium
448,1376,Life,45029.38,Pending,Fire,NE,280,1,2026-05-25 11:11:10.707973,XXX-XX-3315,True,True,True,Critical
449,2220,Life,1874.01,Denied,Flood,PR,282,1,2026-05-25 11:11:10.707992,XXX-XX-5798,False,False,True,Medium
450,4242,Life,5766.99,Pending,Fire,WV,235,0,2026-05-25 11:11:10.708012,XXX-XX-5559,False,True,False,Medium
451,4413,Life,34703.54,Approved,Fire,ND,200,0,2026-05-25 11:11:10.708032,XXX-XX-7163,True,True,True,High
452,2492,Auto,43262.57,Denied,Theft,VA,134,0,2026-05-25 11:11:10.708051,XXX-XX-1130,True,True,True,Critical
453,4057,Life,36822.03,Approved,Theft,SC,207,0,2026-05-25 11:11:10.708074,XXX-XX-9511,True,True,True,High
454,4306,Home,38419.68,Pending,Fire,IL,278,0,2026-05-25 11:11:10.708093,XXX-XX-8990,True,True,True,High
455,3632,Home,26046.3,Denied,Flood,MP,143,0,2026-05-25 11:11:10.708110,XXX-XX-0478,False,False,False,High
456,3587,Auto,12253.52,Pending,Fire,GA,166,0,2026-05-25 11:11:10.708127,XXX-XX-6418,False,True,False,Medium
457,1854,Auto,18892.4,Denied,Flood,PA,171,0,2026-05-25 11:11:10.708144,XXX-XX-8526,False,False,False,Medium
458,4715,Auto,3300.75,Denied,Flood,KS,238,0,2026-05-25 11:11:10.708162,XXX-XX-4541,False,False,False,Medium
459,3849,Home,4619.02,Pending,Accident,GA,181,0,2026-05-25 11:11:10.708179,XXX-XX-3523,False,False,False,Medium
460,2568,Home,20767.81,Pending,Flood,MT,260,0,2026-05-25 11:11:10.708196,XXX-XX-1683,False,False,False,High
461,1566,Auto,13418.22,Denied,Accident,ME,194,0,2026-05-25 11:11:10.708213,XXX-XX-9708,False,False,False,Medium
462,4968,Home,47370.06,Pending,Flood,OH,226,1,2026-05-25 11:11:10.708230,XXX-XX-5730,True,False,True,Critical
463,2214,Life,37458.46,Approved,Theft,CT,175,0,2026-05-25 11:11:10.708251,XXX-XX-0226,True,True,True,High
464,5000,Home,40542.75,Pending,Theft,MS,229,0,2026-05-25 11:11:10.708269,XXX-XX-8146,True,True,True,Critical
465,3661,Home,2334.49,Denied,Accident,ND,273,0,2026-05-25 11:11:10.708289,XXX-XX-1192,False,False,False,Medium
466,1615,Home,43960.34,Pending,Accident,PR,180,0,2026-05-25 11:11:10.708307,XXX-XX-6274,True,False,False,Critical
467,3096,Life,11009.87,Denied,Theft,OK,258,1,2026-05-25 11:11:10.708323,XXX-XX-4934,False,True,True,Medium
468,3186,Life,1532.38,Pending,Flood,NJ,140,0,2026-05-25 11:11:10.708340,XXX-XX-1926,False,False,False,Medium
469,3714,Auto,32292.05,Denied,Flood,TX,224,0,2026-05-25 11:11:10.708356,XXX-XX-4618,True,False,False,High
470,4779,Life,6368.77,Denied,Fire,VI,181,0,2026-05-25 11:11:10.708373,XXX-XX-1895,False,True,False,Medium
471,2233,Home,4392.23,Pending,Theft,OK,204,0,2026-05-25 11:11:10.708390,XXX-XX-9407,False,True,False,Medium
472,1951,Home,23653.99,Denied,Theft,NC,293,1,2026-05-25 11:11:10.708406,XXX-XX-3412,False,True,True,High
473,3604,Auto,33028.93,Denied,Accident,FL,299,1,2026-05-25 11:11:10.708427,XXX-XX-9722,True,False,True,High
474,1319,Auto,11445.54,Approved,Flood,DE,251,1,2026-05-25 11:11:10.708444,XXX-XX-9288,False,False,True,Medium
475,2341,Auto,37445.28,Approved,Fire,AZ,122,0,2026-05-25 11:11:10.708460,XXX-XX-7872,True,True,True,High
476,4965,Home,21756.29,Pending,Flood,KS,226,0,2026-05-25 11:11:10.708476,XXX-XX-1975,False,False,False,High
477,4446,Home,23708.2,Pending,Flood,CO,271,1,2026-05-25 11:11:10.708497,XXX-XX-9230,False,False,True,High
478,3091,Home,32920.89,Approved,Fire,MH,237,0,2026-05-25 11:11:10.708514,XXX-XX-6744,True,True,True,High
479,4077,Life,33654.8,Pending,Fire,MI,210,0,2026-05-25 11:11:10.708531,XXX-XX-1032,True,True,True,High
480,3138,Auto,6074.49,Pending,Theft,OR,198,0,2026-05-25 11:11:10.708548,XXX-XX-7476,False,True,False,Medium
481,1367,Home,37136.25,Pending,Accident,OH,281,0,2026-05-25 11:11:10.708565,XXX-XX-3456,True,False,False,High
482,4305,Auto,49266.59,Pending,Fire,AZ,131,1,2026-05-25 11:11:10.708581,XXX-XX-3411,True,True,True,Critical
483,2456,Auto,25450.07,Denied,Fire,CT,276,0,2026-05-25 11:11:10.708601,XXX-XX-8797,False,True,False,High
484,3336,Auto,2769.74,Approved,Flood,FM,180,0,2026-05-25 11:11:10.708619,XXX-XX-6879,False,False,False,Medium
485,4852,Home,31874.33,Pending,Flood,MD,234,0,2026-05-25 11:11:10.708635,XXX-XX-5636,True,False,False,High
486,4153,Auto,22697.92,Pending,Theft,FM,189,0,2026-05-25 11:11:10.708652,XXX-XX-2143,False,True,False,High
487,1658,Home,7060.01,Approved,Fire,UT,170,0,2026-05-25 11:11:10.708668,XXX-XX-4963,False,True,False,Medium
488,3606,Home,49318.89,Pending,Flood,SC,197,1,2026-05-25 11:11:10.708684,XXX-XX-5090,True,False,True,Critical
489,3110,Life,15324.5,Denied,Fire,MT,135,0,2026-05-25 11:11:10.708701,XXX-XX-7107,False,True,False,Medium
490,3162,Auto,33199.64,Pending,Accident,MS,100,0,2026-05-25 11:11:10.708717,XXX-XX-0342,True,False,False,High
491,1685,Home,35590.9,Denied,Flood,GA,229,0,2026-05-25 11:11:10.708734,XXX-XX-9555,True,False,False,High
492,2568,Auto,11356.17,Pending,Fire,AR,142,0,2026-05-25 11:11:10.708751,XXX-XX-2567,False,True,False,Medium
493,3423,Home,41777.26,Denied,Theft,MT,132,0,2026-05-25 11:11:10.708771,XXX-XX-1118,True,True,True,Critical
494,1206,Life,24167.49,Denied,Fire,OK,195,0,2026-05-25 11:11:10.708788,XXX-XX-6423,False,True,False,High
495,1272,Auto,26587.93,Pending,Flood,MH,121,1,2026-05-25 11:11:10.708805,XXX-XX-8019,False,False,True,High
496,2429,Life,12137.67,Pending,Fire,FL,181,0,2026-05-25 11:11:10.708821,XXX-XX-0765,False,True,False,Medium
497,4642,Home,12294.68,Pending,Fire,ND,261,0,2026-05-25 11:11:10.708837,XXX-XX-6275,False,True,False,Medium
498,1133,Home,23869.23,Approved,Accident,FL,250,0,2026-05-25 11:11:10.708854,XXX-XX-5843,False,False,False,High
499,2781,Auto,32261.8,Denied,Fire,OK,279,0,2026-05-25 11:11:10.708870,XXX-XX-3433,True,True,True,High
500,3011,Auto,47347.13,Pending,Fire,PA,295,0,2026-05-25 11:11:10.708887,XXX-XX-0222,True,True,True,Critical
501,3745,Home,47100.59,Denied,Accident,AR,238,0,2026-05-25 11:11:10.708904,XXX-XX-6583,True,False,False,Critical
502,2279,Auto,19558.86,Denied,Theft,MO,121,0,2026-05-25 11:11:10.708920,XXX-XX-0512,False,True,False,Medium
503,1104,Auto,11676.45,Pending,Fire,KY,169,1,2026-05-25 11:11:10.708948,XXX-XX-2234,False,True,True,Medium
504,1172,Auto,30958.46,Pending,Theft,OH,166,0,2026-05-25 11:11:10.708966,XXX-XX-0414,True,True,True,High
505,3149,Auto,44197.09,Denied,Flood,IN,225,0,2026-05-25 11:11:10.708982,XXX-XX-8306,True,False,False,Critical
506,2398,Auto,49608.08,Pending,Flood,VT,162,0,2026-05-25 11:11:10.708999,XXX-XX-9795,True,False,False,Critical
507,2280,Life,43036.15,Pending,Accident,FL,223,0,2026-05-25 11:11:10.709016,XXX-XX-4230,True,False,False,Critical
508,4739,Home,24552.37,Pending,Flood,AL,247,0,2026-05-25 11:11:10.709033,XXX-XX-2751,False,False,False,High
509,1572,Auto,16142.34,Denied,Accident,SD,175,0,2026-05-25 11:11:10.709053,XXX-XX-6356,False,False,False,Medium
510,3781,Home,10656.03,Denied,Accident,UT,260,1,2026-05-25 11:11:10.709070,XXX-XX-7573,False,False,True,Medium
511,1716,Life,8805.89,Approved,Accident,SC,138,1,2026-05-25 11:11:10.709086,XXX-XX-2276,False,False,True,Medium
512,1642,Life,5252.29,Pending,Accident,DC,278,0,2026-05-25 11:11:10.709103,XXX-XX-8368,False,False,False,Medium
513,4346,Home,19406.28,Approved,Fire,NH,109,1,2026-05-25 11:11:10.709122,XXX-XX-3134,False,True,True,Medium
514,1639,Auto,43205.52,Pending,Flood,MH,206,1,2026-05-25 11:11:10.709139,XXX-XX-5564,True,False,True,Critical
515,3815,Life,45783.34,Pending,Flood,ME,286,0,2026-05-25 11:11:10.709156,XXX-XX-4143,True,False,False,Critical
516,4443,Home,38758.98,Approved,Accident,ME,261,0,2026-05-25 11:11:10.709173,XXX-XX-5440,True,False,False,High
517,3442,Life,38103.97,Pending,Theft,IN,241,1,2026-05-25 11:11:10.709190,XXX-XX-4591,True,True,True,High
518,2695,Auto,26694.66,Denied,Theft,MD,241,0,2026-05-25 11:11:10.709213,XXX-XX-1296,False,True,False,High
519,2852,Life,5745.31,Approved,Accident,VI,223,1,2026-05-25 11:11:10.709231,XXX-XX-2996,False,False,True,Medium
520,4034,Life,1201.64,Approved,Accident,AR,263,1,2026-05-25 11:11:10.709248,XXX-XX-2721,False,False,True,Medium
521,2777,Auto,13918.11,Approved,Flood,CA,138,0,2026-05-25 11:11:10.709269,XXX-XX-5602,False,False,False,Medium
522,4648,Life,49872.74,Approved,Accident,IA,270,0,2026-05-25 11:11:10.709288,XXX-XX-1250,True,False,False,Critical
523,1033,Auto,47135.13,Approved,Flood,IA,126,0,2026-05-25 11:11:10.709309,XXX-XX-8948,True,False,False,Critical
524,4659,Home,14201.23,Approved,Flood,VT,144,0,2026-05-25 11:11:10.709325,XXX-XX-2052,False,False,False,Medium
525,3381,Life,14045.1,Pending,Flood,TN,247,0,2026-05-25 11:11:10.709342,XXX-XX-6455,False,False,False,Medium
526,1932,Auto,37610.77,Denied,Theft,MD,232,0,2026-05-25 11:11:10.709359,XXX-XX-7693,True,True,True,High
527,2056,Life,36547.56,Pending,Accident,NM,117,0,2026-05-25 11:11:10.709375,XXX-XX-2867,True,False,False,High
528,1763,Home,47975.86,Approved,Accident,UT,279,0,2026-05-25 11:11:10.709391,XXX-XX-1431,True,False,False,Critical
529,1778,Home,34379.94,Denied,Flood,UT,279,1,2026-05-25 11:11:10.709408,XXX-XX-3955,True,False,True,High
530,1132,Home,35873.71,Denied,Accident,NE,119,0,2026-05-25 11:11:10.709424,XXX-XX-7704,True,False,False,High
531,1852,Auto,28719.76,Pending,Fire,PW,126,0,2026-05-25 11:11:10.709440,XXX-XX-0746,False,True,False,High
532,3740,Life,17073.88,Denied,Fire,MS,136,1,2026-05-25 11:11:10.709457,XXX-XX-7068,False,True,True,Medium
533,4099,Auto,10039.93,Pending,Accident,AK,228,0,2026-05-25 11:11:10.709476,XXX-XX-8265,False,False,False,Medium
534,2588,Life,3919.07,Approved,Accident,MN,119,0,2026-05-25 11:11:10.709494,XXX-XX-4437,False,False,False,Medium
535,3517,Life,44545.99,Approved,Fire,SD,122,0,2026-05-25 11:11:10.709510,XXX-XX-2001,True,True,True,Critical
536,1665,Auto,10115.01,Approved,Theft,SD,190,0,2026-05-25 11:11:10.709526,XXX-XX-9778,False,True,False,Medium
537,4579,Life,40327.81,Pending,Flood,CO,155,0,2026-05-25 11:11:10.709543,XXX-XX-9129,True,False,False,Critical
538,1052,Life,32949.32,Denied,Fire,VI,300,0,2026-05-25 11:11:10.709560,XXX-XX-9211,True,True,True,High
539,3565,Life,3935.78,Denied,Theft,WV,144,1,2026-05-25 11:11:10.709576,XXX-XX-8757,False,True,True,Medium
540,3639,Auto,32604.63,Approved,Accident,NY,164,0,2026-05-25 11:11:10.709592,XXX-XX-8498,True,False,False,High
541,4137,Auto,5811.14,Pending,Theft,MH,116,0,2026-05-25 11:11:10.709613,XXX-XX-4175,False,True,False,Medium
542,1402,Life,34806.5,Approved,Flood,AZ,193,0,2026-05-25 11:11:10.709630,XXX-XX-9944,True,False,False,High
543,2862,Auto,28641.04,Pending,Accident,CO,213,0,2026-05-25 11:11:10.709653,XXX-XX-9329,False,False,False,High
544,4536,Auto,15674.51,Approved,Flood,ND,103,0,2026-05-25 11:11:10.709670,XXX-XX-2136,False,False,False,Medium
545,2737,Auto,41650.23,Approved,Fire,NE,205,1,2026-05-25 11:11:10.709687,XXX-XX-1598,True,True,True,Critical
546,1069,Home,46961.33,Pending,Flood,IL,190,0,2026-05-25 11:11:10.709704,XXX-XX-5395,True,False,False,Critical
547,2187,Home,19171.79,Pending,Fire,MO,178,0,2026-05-25 11:11:10.709720,XXX-XX-4003,False,True,False,Medium
548,4362,Life,28485.01,Pending,Fire,TX,286,1,2026-05-25 11:11:10.709742,XXX-XX-9818,False,True,True,High
549,4291,Life,24148.66,Denied,Accident,VT,248,0,2026-05-25 11:11:10.709759,XXX-XX-0592,False,False,False,High
550,3241,Home,20224.01,Approved,Fire,HI,235,0,2026-05-25 11:11:10.709775,XXX-XX-8044,False,True,False,High
551,2113,Auto,3365.26,Denied,Fire,WY,101,0,2026-05-25 11:11:10.709792,XXX-XX-8711,False,True,False,Medium
552,2501,Home,4828.27,Pending,Flood,NV,114,1,2026-05-25 11:11:10.709809,XXX-XX-1214,False,False,True,Medium
553,1400,Life,22785.23,Denied,Accident,IL,269,1,2026-05-25 11:11:10.709829,XXX-XX-9390,False,False,True,High
554,4014,Auto,8501.99,Denied,Theft,MN,216,0,2026-05-25 11:11:10.709846,XXX-XX-5284,False,True,False,Medium
555,4124,Home,19080.72,Pending,Accident,MT,244,0,2026-05-25 11:11:10.709863,XXX-XX-3564,False,False,False,Medium
556,4296,Auto,28545.35,Denied,Theft,SC,189,0,2026-05-25 11:11:10.709879,XXX-XX-1636,False,True,False,High
557,1562,Auto,38977.48,Denied,Accident,OR,193,0,2026-05-25 11:11:10.709896,XXX-XX-8043,True,False,False,High
558,3911,Life,8849.2,Pending,Accident,GU,200,0,2026-05-25 11:11:10.709912,XXX-XX-8875,False,False,False,Medium
559,3744,Life,38740.26,Approved,Accident,WA,109,0,2026-05-25 11:11:10.709929,XXX-XX-5767,True,False,False,High
560,4333,Home,37167.17,Denied,Theft,NY,249,0,2026-05-25 11:11:10.709946,XXX-XX-0147,True,True,True,High
561,1741,Auto,28219.08,Pending,Theft,FL,273,0,2026-05-25 11:11:10.709962,XXX-XX-4080,False,True,False,High
562,1145,Home,9556.38,Pending,Theft,MN,258,0,2026-05-25 11:11:10.709979,XXX-XX-0063,False,True,False,Medium
563,2744,Life,26893.59,Pending,Fire,NY,188,1,2026-05-25 11:11:10.710000,XXX-XX-0595,False,True,True,High
564,2855,Auto,25985.65,Approved,Flood,IA,111,1,2026-05-25 11:11:10.710016,XXX-XX-4911,False,False,True,High
565,2361,Life,22044.01,Approved,Fire,VI,258,0,2026-05-25 11:11:10.710033,XXX-XX-7579,False,True,False,High
566,2587,Home,32986.12,Pending,Theft,MD,259,0,2026-05-25 11:11:10.710049,XXX-XX-5774,True,True,True,High
567,4017,Auto,47676.3,Pending,Fire,SD,138,0,2026-05-25 11:11:10.710065,XXX-XX-8115,True,True,True,Critical
568,3634,Auto,19846.39,Pending,Accident,ID,100,0,2026-05-25 11:11:10.710082,XXX-XX-8424,False,False,False,Medium
569,1590,Home,7800.28,Denied,Theft,CA,240,0,2026-05-25 11:11:10.710099,XXX-XX-4909,False,True,False,Medium
570,4952,Auto,37276.14,Approved,Fire,AL,141,0,2026-05-25 11:11:10.710115,XXX-XX-2860,True,True,True,High
571,4116,Life,6213.18,Denied,Theft,NH,219,0,2026-05-25 11:11:10.710132,XXX-XX-7279,False,True,False,Medium
572,3079,Life,15590.86,Pending,Accident,NM,112,0,2026-05-25 11:11:10.710152,XXX-XX-6306,False,False,False,Medium
573,2477,Life,35282.59,Denied,Flood,CT,239,1,2026-05-25 11:11:10.710174,XXX-XX-8342,True,False,True,High
574,3718,Auto,40194.19,Approved,Accident,AL,111,1,2026-05-25 11:11:10.710193,XXX-XX-5197,True,False,True,Critical
575,4390,Home,33553.54,Pending,Flood,PR,106,1,2026-05-25 11:11:10.710210,XXX-XX-4574,True,False,True,High
576,1621,Home,29230.23,Approved,Accident,KS,221,0,2026-05-25 11:11:10.710226,XXX-XX-7741,False,False,False,High
577,2462,Home,47109.96,Pending,Theft,ID,291,0,2026-05-25 11:11:10.710244,XXX-XX-9221,True,True,True,Critical
578,4635,Home,35076.28,Approved,Fire,MP,133,1,2026-05-25 11:11:10.710262,XXX-XX-8742,True,True,True,High
579,4522,Home,31037.88,Denied,Fire,NY,127,0,2026-05-25 11:11:10.710278,XXX-XX-9101,True,True,True,High
580,2046,Home,19328.62,Pending,Theft,MD,170,1,2026-05-25 11:11:10.710295,XXX-XX-7274,False,True,True,Medium
581,4110,Auto,20836.7,Denied,Fire,PW,170,0,2026-05-25 11:11:10.710312,XXX-XX-5305,False,True,False,High
582,4985,Life,34020.71,Approved,Accident,WY,197,0,2026-05-25 11:11:10.710329,XXX-XX-6539,True,False,False,High
583,2845,Auto,36594.0,Denied,Fire,ME,260,0,2026-05-25 11:11:10.710352,XXX-XX-1197,True,True,True,High
584,2906,Life,34052.18,Approved,Theft,VA,182,0,2026-05-25 11:11:10.710370,XXX-XX-5410,True,True,True,High
585,2465,Auto,28882.93,Pending,Fire,WV,130,0,2026-05-25 11:11:10.710388,XXX-XX-0618,False,True,False,High
586,1494,Life,10825.79,Denied,Accident,WI,151,0,2026-05-25 11:11:10.710405,XXX-XX-2288,False,False,False,Medium
587,3251,Life,16713.94,Denied,Theft,WV,207,0,2026-05-25 11:11:10.710423,XXX-XX-8640,False,True,False,Medium
588,3966,Life,36612.52,Denied,Accident,MN,205,1,2026-05-25 11:11:10.710441,XXX-XX-4695,True,False,True,High
589,4303,Home,27152.78,Approved,Fire,MA,132,1,2026-05-25 11:11:10.710459,XXX-XX-2228,False,True,True,High
590,3852,Life,41689.38,Approved,Fire,NH,174,1,2026-05-25 11:11:10.710476,XXX-XX-1647,True,True,True,Critical
591,2488,Home,23634.69,Approved,Flood,ID,233,0,2026-05-25 11:11:10.710493,XXX-XX-3323,False,False,False,High
592,3613,Home,34011.99,Pending,Flood,HI,288,0,2026-05-25 11:11:10.710510,XXX-XX-7040,True,False,False,High
593,4195,Auto,33692.24,Approved,Theft,OH,160,1,2026-05-25 11:11:10.710531,XXX-XX-2585,True,True,True,High
594,4889,Auto,47560.44,Denied,Fire,WA,175,0,2026-05-25 11:11:10.710549,XXX-XX-5483,True,True,True,Critical
595,1397,Life,35063.79,Pending,Theft,NH,254,1,2026-05-25 11:11:10.710566,XXX-XX-6571,True,True,True,High
596,1481,Home,45059.14,Denied,Fire,DE,224,1,2026-05-25 11:11:10.710583,XXX-XX-8672,True,True,True,Critical
597,1198,Auto,9375.71,Pending,Theft,SD,292,0,2026-05-25 11:11:10.710600,XXX-XX-7495,False,True,False,Medium
598,4112,Auto,8802.98,Approved,Fire,NV,133,0,2026-05-25 11:11:10.710618,XXX-XX-1227,False,True,False,Medium
599,4174,Home,23817.56,Pending,Fire,WY,133,0,2026-05-25 11:11:10.710635,XXX-XX-9146,False,True,False,High
600,3729,Life,24941.44,Approved,Accident,MN,241,0,2026-05-25 11:11:10.710652,XXX-XX-8325,False,False,False,High
601,2866,Home,39008.69,Pending,Fire,HI,155,0,2026-05-25 11:11:10.710669,XXX-XX-5950,True,True,True,High
602,2609,Life,8942.34,Pending,Theft,MT,210,0,2026-05-25 11:11:10.710685,XXX-XX-7958,False,True,False,Medium
603,2153,Home,5276.31,Pending,Theft,MH,295,1,2026-05-25 11:11:10.710705,XXX-XX-3951,False,True,True,Medium
604,3572,Auto,45505.38,Denied,Flood,OK,177,1,2026-05-25 11:11:10.710726,XXX-XX-1115,True,False,True,Critical
605,1317,Auto,15237.76,Denied,Accident,GU,155,0,2026-05-25 11:11:10.710744,XXX-XX-3569,False,False,False,Medium
606,1442,Life,48161.22,Denied,Accident,SD,141,1,2026-05-25 11:11:10.710764,XXX-XX-8473,True,False,True,Critical
607,3437,Life,2302.02,Pending,Theft,MP,295,0,2026-05-25 11:11:10.710783,XXX-XX-1099,False,True,False,Medium
608,2950,Life,4025.08,Pending,Fire,PA,134,0,2026-05-25 11:11:10.710799,XXX-XX-6331,False,True,False,Medium
609,4813,Home,40806.42,Pending,Theft,FL,190,0,2026-05-25 11:11:10.710816,XXX-XX-7763,True,True,True,Critical
610,4711,Auto,9815.74,Denied,Fire,PW,189,1,2026-05-25 11:11:10.710833,XXX-XX-5514,False,True,True,Medium
611,4800,Auto,17555.8,Approved,Fire,MI,273,0,2026-05-25 11:11:10.710850,XXX-XX-0148,False,True,False,Medium
612,2436,Life,39262.49,Approved,Theft,MH,244,0,2026-05-25 11:11:10.710867,XXX-XX-9562,True,True,True,High
613,2367,Auto,18997.73,Approved,Flood,WI,122,0,2026-05-25 11:11:10.710887,XXX-XX-2877,False,False,False,Medium
614,2152,Home,35767.85,Pending,Accident,ND,187,0,2026-05-25 11:11:10.710904,XXX-XX-8432,True,False,False,High
615,1740,Life,46238.02,Pending,Fire,MD,130,0,2026-05-25 11:11:10.710921,XXX-XX-5660,True,True,True,Critical
616,1204,Auto,11611.67,Denied,Accident,SD,135,0,2026-05-25 11:11:10.710938,XXX-XX-1187,False,False,False,Medium
617,3877,Life,39705.69,Approved,Theft,ME,240,0,2026-05-25 11:11:10.710955,XXX-XX-3389,True,True,True,High
618,1828,Auto,34801.68,Approved,Fire,NV,149,1,2026-05-25 11:11:10.710971,XXX-XX-9961,True,True,True,High
619,4964,Auto,3792.49,Pending,Flood,MI,230,0,2026-05-25 11:11:10.710988,XXX-XX-9709,False,False,False,Medium
620,4974,Auto,43665.35,Approved,Accident,TX,288,0,2026-05-25 11:11:10.711005,XXX-XX-0096,True,False,False,Critical
621,3001,Auto,26485.27,Approved,Fire,WY,140,0,2026-05-25 11:11:10.711022,XXX-XX-9331,False,True,False,High
622,3085,Life,44103.26,Pending,Theft,TN,175,0,2026-05-25 11:11:10.711039,XXX-XX-2311,True,True,True,Critical
623,2914,Home,2587.45,Pending,Flood,FL,290,1,2026-05-25 11:11:10.711060,XXX-XX-0186,False,False,True,Medium
624,1907,Life,23984.82,Denied,Accident,VT,167,0,2026-05-25 11:11:10.711085,XXX-XX-9424,False,False,False,High
625,2156,Auto,23156.85,Pending,Flood,MH,123,0,2026-05-25 11:11:10.711103,XXX-XX-6468,False,False,False,High
626,1943,Life,38716.35,Pending,Fire,MI,100,0,2026-05-25 11:11:10.711120,XXX-XX-4264,True,True,True,High
627,4441,Life,6827.11,Pending,Flood,KS,286,0,2026-05-25 11:11:10.711137,XXX-XX-9019,False,False,False,Medium
628,2500,Auto,30910.07,Approved,Theft,AK,101,0,2026-05-25 11:11:10.711153,XXX-XX-0973,True,True,True,High
629,3444,Home,9850.36,Denied,Theft,VA,230,0,2026-05-25 11:11:10.711170,XXX-XX-7894,False,True,False,Medium
630,4820,Auto,4139.38,Pending,Fire,OR,296,1,2026-05-25 11:11:10.711187,XXX-XX-5905,False,True,True,Medium
631,3330,Auto,49454.91,Denied,Accident,RI,181,0,2026-05-25 11:11:10.711204,XXX-XX-5347,True,False,False,Critical
632,1310,Auto,15772.04,Approved,Theft,PA,131,0,2026-05-25 11:11:10.711220,XXX-XX-8418,False,True,False,Medium
633,2797,Life,40709.83,Denied,Flood,SD,296,0,2026-05-25 11:11:10.711240,XXX-XX-2790,True,False,False,Critical
634,2530,Life,5390.86,Approved,Fire,IL,148,0,2026-05-25 11:11:10.711257,XXX-XX-5420,False,True,False,Medium
635,2677,Auto,41566.89,Denied,Theft,MH,298,0,2026-05-25 11:11:10.711274,XXX-XX-6683,True,True,True,Critical
636,4687,Life,4707.51,Pending,Fire,MP,240,0,2026-05-25 11:11:10.711294,XXX-XX-3052,False,True,False,Medium
637,1091,Auto,20679.9,Approved,Theft,GU,290,0,2026-05-25 11:11:10.711312,XXX-XX-5607,False,True,False,High
638,2706,Home,41953.01,Approved,Fire,SC,216,0,2026-05-25 11:11:10.711328,XXX-XX-4963,True,True,True,Critical
639,2007,Home,28657.2,Approved,Flood,NV,104,0,2026-05-25 11:11:10.711345,XXX-XX-8661,False,False,False,High
640,4081,Auto,42923.33,Pending,Theft,TN,256,0,2026-05-25 11:11:10.711362,XXX-XX-8727,True,True,True,Critical
641,1270,Home,5432.01,Approved,Accident,VI,288,1,2026-05-25 11:11:10.711378,XXX-XX-0336,False,False,True,Medium
642,4609,Auto,41761.15,Denied,Accident,NY,110,0,2026-05-25 11:11:10.711394,XXX-XX-9461,True,False,False,Critical
643,1280,Auto,44196.24,Approved,Fire,MI,193,0,2026-05-25 11:11:10.711414,XXX-XX-2117,True,True,True,Critical
644,2395,Home,16748.88,Denied,Accident,FL,238,0,2026-05-25 11:11:10.711431,XXX-XX-9080,False,False,False,Medium
645,3957,Auto,37301.48,Pending,Theft,AR,273,0,2026-05-25 11:11:10.711448,XXX-XX-6772,True,True,True,High
646,1379,Auto,30135.03,Denied,Theft,FL,106,0,2026-05-25 11:11:10.711464,XXX-XX-2762,True,True,True,High
647,4279,Home,16873.38,Denied,Theft,KS,142,0,2026-05-25 11:11:10.711481,XXX-XX-5570,False,True,False,Medium
648,4276,Auto,9077.97,Pending,Fire,NM,152,0,2026-05-25 11:11:10.711497,XXX-XX-8997,False,True,False,Medium
649,3558,Auto,22253.47,Denied,Accident,NM,150,0,2026-05-25 11:11:10.711513,XXX-XX-0601,False,False,False,High
650,3520,Life,19830.43,Denied,Theft,OR,129,0,2026-05-25 11:11:10.711531,XXX-XX-5672,False,True,False,Medium
651,2217,Auto,28641.29,Approved,Accident,OR,290,0,2026-05-25 11:11:10.711548,XXX-XX-9924,False,False,False,High
652,4621,Life,18079.17,Denied,Fire,WI,163,0,2026-05-25 11:11:10.711564,XXX-XX-6419,False,True,False,Medium
653,2915,Life,27523.2,Denied,Flood,DC,300,0,2026-05-25 11:11:10.711584,XXX-XX-9723,False,False,False,High
654,2114,Life,27144.65,Pending,Theft,IA,262,1,2026-05-25 11:11:10.711602,XXX-XX-2969,False,True,True,High
655,1562,Auto,47544.98,Denied,Flood,DE,200,0,2026-05-25 11:11:10.711619,XXX-XX-4121,True,False,False,Critical
656,3480,Auto,12920.62,Denied,Theft,VT,118,0,2026-05-25 11:11:10.711636,XXX-XX-5420,False,True,False,Medium
657,3569,Home,49058.79,Denied,Theft,LA,252,1,2026-05-25 11:11:10.711652,XXX-XX-4020,True,True,True,Critical
658,2648,Life,44166.03,Approved,Fire,ME,291,0,2026-05-25 11:11:10.711668,XXX-XX-0782,True,True,True,Critical
659,2061,Life,18878.12,Approved,Flood,MS,199,0,2026-05-25 11:11:10.711685,XXX-XX-4720,False,False,False,Medium
660,3650,Auto,11951.75,Pending,Fire,SC,189,1,2026-05-25 11:11:10.711701,XXX-XX-2364,False,True,True,Medium
661,2723,Auto,39090.21,Denied,Accident,WI,231,0,2026-05-25 11:11:10.711718,XXX-XX-5887,True,False,False,High
662,3374,Auto,1616.18,Denied,Flood,NJ,128,0,2026-05-25 11:11:10.711739,XXX-XX-9053,False,False,False,Medium
663,3990,Auto,3439.73,Pending,Accident,MD,213,0,2026-05-25 11:11:10.711759,XXX-XX-9548,False,False,False,Medium
664,4801,Life,15883.52,Pending,Fire,NC,100,0,2026-05-25 11:11:10.711776,XXX-XX-7097,False,True,False,Medium
665,4147,Auto,40266.04,Approved,Flood,CA,286,0,2026-05-25 11:11:10.711792,XXX-XX-2974,True,False,False,Critical
666,3664,Life,47718.2,Denied,Accident,NV,155,0,2026-05-25 11:11:10.711809,XXX-XX-0261,True,False,False,Critical
667,4336,Life,35874.02,Approved,Flood,AS,198,0,2026-05-25 11:11:10.711825,XXX-XX-1282,True,False,False,High
668,2903,Auto,46596.16,Approved,Flood,AR,213,1,2026-05-25 11:11:10.711842,XXX-XX-0307,True,False,True,Critical
669,1799,Auto,32989.52,Denied,Flood,DC,299,0,2026-05-25 11:11:10.711862,XXX-XX-5046,True,False,False,High
670,4505,Home,17914.67,Approved,Fire,RI,128,0,2026-05-25 11:11:10.711880,XXX-XX-1447,False,True,False,Medium
671,3608,Auto,40415.44,Denied,Flood,LA,180,0,2026-05-25 11:11:10.711896,XXX-XX-3690,True,False,False,Critical
672,2314,Home,34332.59,Approved,Theft,VA,193,1,2026-05-25 11:11:10.711921,XXX-XX-9223,True,True,True,High
673,1931,Auto,24141.85,Denied,Accident,CT,159,0,2026-05-25 11:11:10.711962,XXX-XX-4849,False,False,False,High
674,1836,Life,27662.2,Denied,Fire,MH,126,0,2026-05-25 11:11:10.711977,XXX-XX-3733,False,True,False,High
675,2584,Auto,6662.91,Denied,Fire,AR,121,1,2026-05-25 11:11:10.711991,XXX-XX-4733,False,True,True,Medium
676,2091,Home,49862.71,Denied,Accident,NC,194,0,2026-05-25 11:11:10.712005,XXX-XX-4796,True,False,False,Critical
677,4924,Home,25913.95,Denied,Theft,FM,176,0,2026-05-25 11:11:10.712019,XXX-XX-3837,False,True,False,High
678,2419,Auto,43700.37,Approved,Theft,OH,181,1,2026-05-25 11:11:10.712033,XXX-XX-3414,True,True,True,Critical
679,4848,Home,27696.7,Pending,Theft,DE,252,0,2026-05-25 11:11:10.712048,XXX-XX-0249,False,True,False,High
680,3376,Life,42348.9,Approved,Fire,GU,135,0,2026-05-25 11:11:10.712063,XXX-XX-7200,True,True,True,Critical
681,4790,Life,7320.98,Approved,Fire,ND,296,0,2026-05-25 11:11:10.712078,XXX-XX-0347,False,True,False,Medium
682,4864,Life,28742.89,Denied,Theft,NV,130,0,2026-05-25 11:11:10.712092,XXX-XX-2076,False,True,False,High
683,3700,Home,20185.71,Approved,Flood,TX,184,0,2026-05-25 11:11:10.712110,XXX-XX-9884,False,False,False,High
684,1563,Life,2230.28,Approved,Flood,ME,165,0,2026-05-25 11:11:10.712126,XXX-XX-7841,False,False,False,Medium
685,4372,Home,17772.47,Approved,Accident,ND,290,0,2026-05-25 11:11:10.712140,XXX-XX-0845,False,False,False,Medium
686,2026,Auto,40337.59,Pending,Accident,FM,247,0,2026-05-25 11:11:10.712155,XXX-XX-8365,True,False,False,Critical
687,4977,Home,29448.61,Denied,Accident,MI,213,0,2026-05-25 11:11:10.712169,XXX-XX-0758,False,False,False,High
688,4415,Home,43397.52,Denied,Theft,NM,166,0,2026-05-25 11:11:10.712183,XXX-XX-8455,True,True,True,Critical
689,2748,Life,35373.84,Denied,Accident,NM,184,0,2026-05-25 11:11:10.712196,XXX-XX-3288,True,False,False,High
690,2905,Home,34211.15,Pending,Accident,WA,132,0,2026-05-25 11:11:10.712210,XXX-XX-0224,True,False,False,High
691,3465,Life,43634.59,Approved,Fire,IN,188,0,2026-05-25 11:11:10.712224,XXX-XX-2783,True,True,True,Critical
692,3833,Home,32537.47,Approved,Accident,NH,132,1,2026-05-25 11:11:10.712239,XXX-XX-0168,True,False,True,High
693,3146,Auto,15437.24,Approved,Theft,CO,190,0,2026-05-25 11:11:10.712257,XXX-XX-3527,False,True,False,Medium
694,4907,Life,41863.21,Approved,Flood,CT,104,0,2026-05-25 11:11:10.712272,XXX-XX-6803,True,False,False,Critical
695,4651,Auto,24398.2,Denied,Flood,AL,220,1,2026-05-25 11:11:10.712287,XXX-XX-4834,False,False,True,High
696,3936,Auto,24043.66,Denied,Flood,WY,274,1,2026-05-25 11:11:10.712305,XXX-XX-1190,False,False,True,High
697,4670,Auto,3875.43,Approved,Flood,AL,205,0,2026-05-25 11:11:10.712320,XXX-XX-7937,False,False,False,Medium
698,3153,Home,39566.39,Denied,Theft,AR,164,1,2026-05-25 11:11:10.712335,XXX-XX-2802,True,True,True,High
699,4192,Home,34509.03,Pending,Accident,MT,124,0,2026-05-25 11:11:10.712349,XXX-XX-6610,True,False,False,High
700,2531,Home,17162.08,Denied,Fire,OH,259,0,2026-05-25 11:11:10.712366,XXX-XX-7895,False,True,False,Medium
701,4202,Life,22941.86,Approved,Accident,TX,273,0,2026-05-25 11:11:10.712381,XXX-XX-6925,False,False,False,High
702,2092,Auto,31161.11,Approved,Fire,SD,131,0,2026-05-25 11:11:10.712398,XXX-XX-7437,True,True,True,High
703,4950,Life,30473.16,Denied,Fire,UT,109,1,2026-05-25 11:11:10.712415,XXX-XX-1754,True,True,True,High
704,4645,Auto,36397.71,Approved,Fire,OR,247,1,2026-05-25 11:11:10.712429,XXX-XX-0015,True,True,True,High
705,1621,Life,49098.71,Denied,Fire,RI,260,0,2026-05-25 11:11:10.712444,XXX-XX-7947,True,True,True,Critical
706,2275,Auto,42509.0,Pending,Fire,FM,298,1,2026-05-25 11:11:10.712458,XXX-XX-9535,True,True,True,Critical
707,4085,Life,48335.38,Pending,Flood,OH,211,0,2026-05-25 11:11:10.712472,XXX-XX-9437,True,False,False,Critical
708,2502,Life,42876.61,Approved,Accident,RI,206,0,2026-05-25 11:11:10.712486,XXX-XX-0373,True,False,False,Critical
709,4415,Auto,31202.99,Pending,Accident,NM,101,0,2026-05-25 11:11:10.712500,XXX-XX-6180,True,False,False,High
710,1877,Auto,18418.22,Pending,Theft,AS,223,0,2026-05-25 11:11:10.712515,XXX-XX-5855,False,True,False,Medium
711,4195,Auto,26610.49,Approved,Flood,VT,104,1,2026-05-25 11:11:10.712529,XXX-XX-8747,False,False,True,High
712,4140,Home,37510.82,Approved,Fire,TX,168,0,2026-05-25 11:11:10.712542,XXX-XX-2675,True,True,True,High
713,1805,Auto,34113.24,Approved,Flood,AR,185,0,2026-05-25 11:11:10.712560,XXX-XX-0749,True,False,False,High
714,2495,Life,23105.45,Denied,Accident,NH,156,0,2026-05-25 11:11:10.712575,XXX-XX-6824,False,False,False,High
715,2885,Auto,4510.81,Pending,Accident,FL,106,0,2026-05-25 11:11:10.712589,XXX-XX-9159,False,False,False,Medium
716,1054,Life,48549.68,Denied,Fire,OR,128,1,2026-05-25 11:11:10.712604,XXX-XX-3385,True,True,True,Critical
717,4047,Home,41547.06,Denied,Flood,WA,130,0,2026-05-25 11:11:10.712618,XXX-XX-9175,True,False,False,Critical
718,1296,Life,29306.54,Approved,Fire,MP,218,0,2026-05-25 11:11:10.712631,XXX-XX-4614,False,True,False,High
719,3910,Auto,17060.29,Pending,Theft,PW,283,1,2026-05-25 11:11:10.712646,XXX-XX-8847,False,True,True,Medium
720,2712,Life,8374.86,Pending,Theft,HI,122,0,2026-05-25 11:11:10.712659,XXX-XX-3057,False,True,False,Medium
721,1982,Auto,11170.85,Denied,Flood,MD,300,0,2026-05-25 11:11:10.712673,XXX-XX-7234,False,False,False,Medium
722,1928,Life,2000.41,Denied,Flood,NH,275,0,2026-05-25 11:11:10.712687,XXX-XX-4607,False,False,False,Medium
723,1514,Life,11024.98,Denied,Accident,OR,278,0,2026-05-25 11:11:10.712704,XXX-XX-4581,False,False,False,Medium
724,1807,Auto,19560.63,Approved,Fire,FL,236,0,2026-05-25 11:11:10.712718,XXX-XX-7364,False,True,False,Medium
725,4143,Home,29751.65,Approved,Theft,NY,254,0,2026-05-25 11:11:10.712733,XXX-XX-6075,False,True,False,High
726,1053,Life,31940.96,Pending,Flood,TX,121,1,2026-05-25 11:11:10.712748,XXX-XX-4725,True,False,True,High
727,2843,Home,34330.26,Approved,Fire,FM,237,0,2026-05-25 11:11:10.712762,XXX-XX-4138,True,True,True,High
728,1596,Auto,20499.2,Approved,Flood,CT,284,1,2026-05-25 11:11:10.712776,XXX-XX-9286,False,False,True,High
729,1580,Life,37708.44,Approved,Theft,OR,115,0,2026-05-25 11:11:10.712790,XXX-XX-7125,True,True,True,High
730,4985,Auto,25297.14,Denied,Flood,CA,227,1,2026-05-25 11:11:10.712805,XXX-XX-8859,False,False,True,High
731,2656,Auto,40118.42,Pending,Fire,AS,174,1,2026-05-25 11:11:10.712819,XXX-XX-6631,True,True,True,Critical
732,2853,Home,36110.82,Pending,Theft,NC,221,1,2026-05-25 11:11:10.712838,XXX-XX-8542,True,True,True,High
733,1850,Home,33530.03,Approved,Theft,VA,237,1,2026-05-25 11:11:10.712857,XXX-XX-5742,True,True,True,High
734,2603,Auto,19172.5,Approved,Theft,MI,192,0,2026-05-25 11:11:10.712872,XXX-XX-9156,False,True,False,Medium
735,3895,Life,25539.13,Denied,Accident,MP,165,0,2026-05-25 11:11:10.712885,XXX-XX-6023,False,False,False,High
736,4581,Home,22138.31,Approved,Accident,WV,153,0,2026-05-25 11:11:10.712899,XXX-XX-8000,False,False,False,High
737,1366,Life,39364.43,Pending,Theft,IN,228,0,2026-05-25 11:11:10.712912,XXX-XX-6534,True,True,True,High
738,2469,Auto,37427.27,Denied,Flood,KS,138,0,2026-05-25 11:11:10.712926,XXX-XX-9289,True,False,False,High
739,3094,Home,5591.93,Denied,Fire,FL,264,0,2026-05-25 11:11:10.712940,XXX-XX-2712,False,True,False,Medium
740,3336,Life,29769.84,Pending,Flood,NY,103,1,2026-05-25 11:11:10.712954,XXX-XX-1554,False,False,True,High
741,3520,Auto,6564.51,Pending,Theft,NE,219,0,2026-05-25 11:11:10.712968,XXX-XX-9807,False,True,False,Medium
742,4422,Home,10892.26,Denied,Accident,OK,225,0,2026-05-25 11:11:10.712984,XXX-XX-5748,False,False,False,Medium
743,2967,Home,43542.53,Denied,Fire,ND,289,0,2026-05-25 11:11:10.713002,XXX-XX-7837,True,True,True,Critical
744,4301,Auto,45891.85,Pending,Flood,LA,266,0,2026-05-25 11:11:10.713016,XXX-XX-4126,True,False,False,Critical
745,2268,Life,16971.81,Approved,Theft,VA,114,0,2026-05-25 11:11:10.713029,XXX-XX-3404,False,True,False,Medium
746,4534,Life,29617.03,Denied,Accident,AK,181,0,2026-05-25 11:11:10.713043,XXX-XX-9147,False,False,False,High
747,3151,Home,3966.56,Denied,Theft,PR,165,0,2026-05-25 11:11:10.713058,XXX-XX-8944,False,True,False,Medium
748,4707,Auto,37787.79,Approved,Accident,DC,251,1,2026-05-25 11:11:10.713072,XXX-XX-7151,True,False,True,High
749,1605,Auto,22961.6,Pending,Fire,MS,205,0,2026-05-25 11:11:10.713087,XXX-XX-5069,False,True,False,High
750,3431,Home,30233.73,Denied,Theft,MA,160,0,2026-05-25 11:11:10.713100,XXX-XX-2662,True,True,True,High
751,1100,Auto,4888.13,Approved,Accident,TN,167,1,2026-05-25 11:11:10.713114,XXX-XX-3880,False,False,True,Medium
752,4269,Life,35061.63,Approved,Flood,NC,274,0,2026-05-25 11:11:10.713128,XXX-XX-8703,True,False,False,High
753,4742,Life,37227.37,Approved,Theft,GA,197,0,2026-05-25 11:11:10.713145,XXX-XX-9700,True,True,True,High
754,3159,Life,30446.96,Denied,Flood,NE,195,0,2026-05-25 11:11:10.713159,XXX-XX-4987,True,False,False,High
755,1698,Home,40373.72,Denied,Fire,OH,286,0,2026-05-25 11:11:10.713173,XXX-XX-4017,True,True,True,Critical
756,4687,Home,3584.13,Pending,Fire,LA,145,0,2026-05-25 11:11:10.713187,XXX-XX-7363,False,True,False,Medium
757,2220,Life,47335.09,Approved,Theft,WA,194,0,2026-05-25 11:11:10.713200,XXX-XX-9606,True,True,True,Critical
758,4940,Home,24181.89,Denied,Fire,CA,101,0,2026-05-25 11:11:10.713215,XXX-XX-7651,False,True,False,High
759,4330,Life,34962.46,Denied,Flood,ME,294,0,2026-05-25 11:11:10.713228,XXX-XX-2690,True,False,False,High
760,4831,Life,10272.48,Denied,Accident,TX,101,1,2026-05-25 11:11:10.713242,XXX-XX-5614,False,False,True,Medium
761,1998,Home,1298.17,Denied,Accident,TN,126,0,2026-05-25 11:11:10.713256,XXX-XX-8627,False,False,False,Medium
762,3825,Life,36750.83,Approved,Theft,UT,113,0,2026-05-25 11:11:10.713271,XXX-XX-8176,True,True,True,High
763,3561,Auto,39514.46,Pending,Accident,DC,248,1,2026-05-25 11:11:10.713288,XXX-XX-3834,True,False,True,High
764,2236,Auto,25499.01,Denied,Accident,AR,173,0,2026-05-25 11:11:10.713305,XXX-XX-3901,False,False,False,High
765,2809,Home,28385.2,Approved,Accident,IL,190,0,2026-05-25 11:11:10.713320,XXX-XX-8001,False,False,False,High
766,4717,Home,18018.42,Approved,Theft,GA,241,0,2026-05-25 11:11:10.713333,XXX-XX-4400,False,True,False,Medium
767,1333,Home,11990.87,Denied,Accident,MS,107,0,2026-05-25 11:11:10.713347,XXX-XX-8534,False,False,False,Medium
768,2480,Home,15530.04,Pending,Fire,PA,209,1,2026-05-25 11:11:10.713361,XXX-XX-6977,False,True,True,Medium
769,3588,Life,16033.47,Pending,Flood,WI,269,1,2026-05-25 11:11:10.713375,XXX-XX-0623,False,False,True,Medium
770,2254,Auto,22075.42,Pending,Theft,LA,153,0,2026-05-25 11:11:10.713389,XXX-XX-2657,False,True,False,High
771,2193,Home,21559.21,Denied,Theft,KY,234,0,2026-05-25 11:11:10.713403,XXX-XX-9030,False,True,False,High
772,3162,Life,33460.19,Denied,Flood,NM,105,0,2026-05-25 11:11:10.713417,XXX-XX-8194,True,False,False,High
773,3291,Home,8632.18,Denied,Theft,NC,172,1,2026-05-25 11:11:10.713433,XXX-XX-0464,False,True,True,Medium
774,3236,Auto,38118.09,Approved,Accident,WY,203,0,2026-05-25 11:11:10.713448,XXX-XX-1164,True,False,False,High
775,2978,Life,1263.86,Denied,Theft,AZ,107,0,2026-05-25 11:11:10.713462,XXX-XX-1162,False,True,False,Medium
776,2922,Life,31497.01,Pending,Accident,IA,189,0,2026-05-25 11:11:10.713478,XXX-XX-7220,True,False,False,High
777,3779,Home,5849.94,Denied,Fire,AK,202,1,2026-05-25 11:11:10.713493,XXX-XX-5982,False,True,True,Medium
778,2745,Auto,11780.68,Approved,Theft,MN,122,1,2026-05-25 11:11:10.713506,XXX-XX-4277,False,True,True,Medium
779,2599,Auto,36507.83,Approved,Fire,MD,260,0,2026-05-25 11:11:10.713520,XXX-XX-5272,True,True,True,High
780,1099,Auto,19432.09,Pending,Accident,NC,102,0,2026-05-25 11:11:10.713534,XXX-XX-6614,False,False,False,Medium
781,4765,Auto,21667.27,Pending,Fire,NJ,156,0,2026-05-25 11:11:10.713548,XXX-XX-3348,False,True,False,High
782,2569,Auto,13733.08,Approved,Flood,AK,169,1,2026-05-25 11:11:10.713565,XXX-XX-1652,False,False,True,Medium
783,3732,Life,48685.62,Pending,Accident,RI,292,0,2026-05-25 11:11:10.713583,XXX-XX-9898,True,False,False,Critical
784,1369,Auto,20081.85,Denied,Accident,OR,215,0,2026-05-25 11:11:10.713597,XXX-XX-6903,False,False,False,High
785,2946,Auto,40335.4,Pending,Flood,MS,295,0,2026-05-25 11:11:10.713611,XXX-XX-6973,True,False,False,Critical
786,3739,Life,39703.49,Pending,Fire,MO,125,0,2026-05-25 11:11:10.713625,XXX-XX-0870,True,True,True,High
787,3141,Auto,38649.49,Pending,Fire,KY,275,0,2026-05-25 11:11:10.713640,XXX-XX-1118,True,True,True,High
788,1140,Auto,1145.49,Pending,Theft,NM,171,1,2026-05-25 11:11:10.713654,XXX-XX-1932,False,True,True,Medium
789,4313,Life,28464.86,Approved,Theft,DC,179,0,2026-05-25 11:11:10.713668,XXX-XX-4490,False,True,False,High
790,2740,Auto,48103.0,Denied,Theft,FL,238,1,2026-05-25 11:11:10.713682,XXX-XX-0122,True,True,True,Critical
791,3036,Auto,36285.75,Approved,Flood,CO,176,1,2026-05-25 11:11:10.713695,XXX-XX-9960,True,False,True,High
792,1924,Home,1349.28,Pending,Flood,VI,264,0,2026-05-25 11:11:10.713710,XXX-XX-8652,False,False,False,Medium
793,1754,Life,21864.05,Denied,Theft,FM,202,0,2026-05-25 11:11:10.713727,XXX-XX-7639,False,True,False,High
794,2726,Home,44984.05,Approved,Accident,TN,264,0,2026-05-25 11:11:10.713741,XXX-XX-9769,True,False,False,Critical
795,2285,Auto,32037.29,Pending,Theft,MH,271,0,2026-05-25 11:11:10.713755,XXX-XX-4879,True,True,True,High
796,3407,Auto,4003.63,Pending,Accident,AR,138,0,2026-05-25 11:11:10.713772,XXX-XX-9798,False,False,False,Medium
797,4365,Life,28539.93,Approved,Accident,IN,200,0,2026-05-25 11:11:10.713787,XXX-XX-8324,False,False,False,High
798,2082,Home,5770.55,Approved,Theft,CA,118,0,2026-05-25 11:11:10.713801,XXX-XX-0713,False,True,False,Medium
799,2443,Auto,16650.32,Approved,Flood,SD,115,0,2026-05-25 11:11:10.713814,XXX-XX-2115,False,False,False,Medium
800,3796,Life,33059.04,Pending,Theft,NM,214,0,2026-05-25 11:11:10.713828,XXX-XX-2889,True,True,True,High
801,4408,Auto,39365.59,Pending,Flood,MS,168,1,2026-05-25 11:11:10.713842,XXX-XX-4463,True,False,True,High
802,3832,Life,20820.91,Denied,Accident,ND,182,1,2026-05-25 11:11:10.713856,XXX-XX-8356,False,False,True,High
803,1930,Home,11937.79,Denied,Theft,MO,129,0,2026-05-25 11:11:10.713873,XXX-XX-9279,False,True,False,Medium
804,4442,Auto,31991.11,Approved,Accident,TX,103,0,2026-05-25 11:11:10.713887,XXX-XX-0078,True,False,False,High
805,1314,Auto,20470.82,Denied,Accident,ND,136,0,2026-05-25 11:11:10.713902,XXX-XX-3320,False,False,False,High
806,2692,Home,34656.66,Pending,Flood,SC,258,1,2026-05-25 11:11:10.713916,XXX-XX-2314,True,False,True,High
807,1261,Home,22533.96,Pending,Accident,MH,183,0,2026-05-25 11:11:10.713929,XXX-XX-6786,False,False,False,High
808,1330,Auto,31123.97,Pending,Flood,IL,290,0,2026-05-25 11:11:10.713943,XXX-XX-7023,True,False,False,High
809,3601,Auto,44400.7,Pending,Accident,OR,135,0,2026-05-25 11:11:10.713957,XXX-XX-1839,True,False,False,Critical
810,3373,Life,12757.49,Approved,Theft,AZ,257,0,2026-05-25 11:11:10.713971,XXX-XX-3645,False,True,False,Medium
811,1396,Auto,11154.79,Pending,Flood,MP,146,0,2026-05-25 11:11:10.713985,XXX-XX-8025,False,False,False,Medium
812,1516,Life,10214.15,Denied,Accident,MD,107,0,2026-05-25 11:11:10.713999,XXX-XX-3862,False,False,False,Medium
813,2630,Auto,47224.11,Pending,Flood,NM,290,0,2026-05-25 11:11:10.714016,XXX-XX-8424,True,False,False,Critical
814,3087,Life,19887.4,Approved,Fire,SC,236,0,2026-05-25 11:11:10.714030,XXX-XX-6532,False,True,False,Medium
815,4241,Home,25569.86,Denied,Theft,TX,159,0,2026-05-25 11:11:10.714044,XXX-XX-3937,False,True,False,High
816,1187,Life,42900.63,Approved,Fire,WY,229,0,2026-05-25 11:11:10.714057,XXX-XX-7729,True,True,True,Critical
817,4468,Life,30236.42,Pending,Fire,HI,239,0,2026-05-25 11:11:10.714072,XXX-XX-1530,True,True,True,High
818,2853,Home,48260.12,Approved,Theft,CT,200,0,2026-05-25 11:11:10.714085,XXX-XX-8916,True,True,True,Critical
819,2514,Home,20922.29,Pending,Accident,DC,149,1,2026-05-25 11:11:10.714099,XXX-XX-0024,False,False,True,High
820,4365,Auto,37674.46,Approved,Fire,GU,149,0,2026-05-25 11:11:10.714113,XXX-XX-3173,True,True,True,High
821,4549,Home,11732.04,Denied,Accident,WY,232,1,2026-05-25 11:11:10.714130,XXX-XX-1544,False,False,True,Medium
822,2075,Home,12440.26,Pending,Theft,PA,141,1,2026-05-25 11:11:10.714144,XXX-XX-1392,False,True,True,Medium
823,2404,Life,47610.81,Approved,Fire,NM,266,0,2026-05-25 11:11:10.714160,XXX-XX-6737,True,True,True,Critical
824,3610,Life,49074.14,Denied,Theft,PW,221,0,2026-05-25 11:11:10.714174,XXX-XX-8426,True,True,True,Critical
825,2134,Life,26078.91,Pending,Accident,MD,273,0,2026-05-25 11:11:10.714187,XXX-XX-2082,False,False,False,High
826,2152,Life,30607.56,Pending,Accident,DC,278,0,2026-05-25 11:11:10.714201,XXX-XX-4018,True,False,False,High
827,3819,Home,5114.19,Approved,Theft,UT,270,0,2026-05-25 11:11:10.714218,XXX-XX-2162,False,True,False,Medium
828,2275,Home,20461.74,Approved,Accident,SD,156,0,2026-05-25 11:11:10.714232,XXX-XX-0379,False,False,False,High
829,1716,Auto,49725.83,Approved,Fire,VI,149,1,2026-05-25 11:11:10.714246,XXX-XX-7693,True,True,True,Critical
830,3897,Home,3188.14,Denied,Fire,MP,253,1,2026-05-25 11:11:10.714260,XXX-XX-7328,False,True,True,Medium
831,1838,Home,20566.71,Approved,Theft,MP,299,1,2026-05-25 11:11:10.714274,XXX-XX-2413,False,True,True,High
832,3137,Life,43572.4,Pending,Fire,VA,271,0,2026-05-25 11:11:10.714288,XXX-XX-9296,True,True,True,Critical
833,1950,Home,49568.36,Approved,Flood,MS,192,1,2026-05-25 11:11:10.714305,XXX-XX-2753,True,False,True,Critical
834,4098,Life,32875.52,Pending,Accident,NJ,161,0,2026-05-25 11:11:10.714319,XXX-XX-7833,True,False,False,High
835,1492,Auto,8227.67,Pending,Fire,IL,282,1,2026-05-25 11:11:10.714333,XXX-XX-7659,False,True,True,Medium
836,1892,Home,46606.45,Approved,Fire,WA,143,0,2026-05-25 11:11:10.714347,XXX-XX-3285,True,True,True,Critical
837,1561,Auto,28094.43,Pending,Fire,IN,166,0,2026-05-25 11:11:10.714360,XXX-XX-2745,False,True,False,High
838,4113,Auto,38712.79,Pending,Theft,NC,226,0,2026-05-25 11:11:10.714374,XXX-XX-4811,True,True,True,High
839,3910,Home,48082.85,Denied,Fire,CA,284,0,2026-05-25 11:11:10.714388,XXX-XX-5802,True,True,True,Critical
840,3980,Home,35185.35,Denied,Flood,OH,256,1,2026-05-25 11:11:10.714402,XXX-XX-9254,True,False,True,High
841,4349,Auto,35604.8,Denied,Theft,AK,297,1,2026-05-25 11:11:10.714416,XXX-XX-5364,True,True,True,High
842,4351,Life,33217.81,Approved,Accident,MH,232,0,2026-05-25 11:11:10.714429,XXX-XX-9766,True,False,False,High
843,3179,Auto,6238.94,Pending,Flood,PA,236,0,2026-05-25 11:11:10.714446,XXX-XX-7907,False,False,False,Medium
844,1609,Life,4175.09,Approved,Accident,VA,138,1,2026-05-25 11:11:10.714460,XXX-XX-4029,False,False,True,Medium
845,2531,Auto,40971.74,Pending,Theft,OR,108,0,2026-05-25 11:11:10.714474,XXX-XX-5136,True,True,True,Critical
846,3262,Home,44176.16,Pending,Flood,ND,222,1,2026-05-25 11:11:10.714488,XXX-XX-7784,True,False,True,Critical
847,1044,Home,16245.97,Pending,Fire,SD,262,0,2026-05-25 11:11:10.714502,XXX-XX-2603,False,True,False,Medium
848,1263,Home,36826.06,Approved,Theft,PW,297,0,2026-05-25 11:11:10.714516,XXX-XX-4719,True,True,True,High
849,2561,Home,45334.0,Denied,Accident,GU,252,0,2026-05-25 11:11:10.714529,XXX-XX-1010,True,False,False,Critical
850,4884,Auto,15770.35,Denied,Accident,WA,174,1,2026-05-25 11:11:10.714544,XXX-XX-8218,False,False,True,Medium
851,4162,Life,30574.11,Approved,Flood,NV,225,1,2026-05-25 11:11:10.714559,XXX-XX-4365,True,False,True,High
852,4457,Home,24254.31,Approved,Accident,AK,123,0,2026-05-25 11:11:10.714573,XXX-XX-6267,False,False,False,High
853,4684,Home,18248.72,Pending,Flood,CO,231,1,2026-05-25 11:11:10.714590,XXX-XX-4920,False,False,True,Medium
854,4119,Home,15166.0,Approved,Fire,OK,250,0,2026-05-25 11:11:10.714605,XXX-XX-2217,False,True,False,Medium
855,1358,Auto,49837.4,Approved,Flood,PA,290,0,2026-05-25 11:11:10.714619,XXX-XX-9520,True,False,False,Critical
856,4070,Auto,1707.07,Approved,Flood,MA,105,1,2026-05-25 11:11:10.714633,XXX-XX-0781,False,False,True,Medium
857,1211,Auto,11619.54,Pending,Flood,VT,123,1,2026-05-25 11:11:10.714646,XXX-XX-4041,False,False,True,Medium
858,4823,Home,8742.65,Pending,Fire,NM,189,1,2026-05-25 11:11:10.714660,XXX-XX-9198,False,True,True,Medium
859,4811,Life,38386.95,Approved,Accident,WA,192,0,2026-05-25 11:11:10.714708,XXX-XX-2097,True,False,False,High
860,2214,Life,49682.97,Approved,Fire,FL,136,0,2026-05-25 11:11:10.714728,XXX-XX-2549,True,True,True,Critical
861,4184,Home,35224.98,Denied,Accident,PR,253,1,2026-05-25 11:11:10.714745,XXX-XX-2312,True,False,True,High
862,2691,Life,13636.46,Pending,Flood,NH,197,0,2026-05-25 11:11:10.714759,XXX-XX-6460,False,False,False,Medium
863,4478,Auto,39923.8,Pending,Accident,NH,291,1,2026-05-25 11:11:10.714776,XXX-XX-4571,True,False,True,High
864,4607,Auto,13850.41,Approved,Theft,NV,246,1,2026-05-25 11:11:10.714790,XXX-XX-6950,False,True,True,Medium
865,3200,Life,28815.78,Pending,Flood,NV,272,0,2026-05-25 11:11:10.714805,XXX-XX-1871,False,False,False,High
866,1164,Home,39023.59,Approved,Flood,ND,145,0,2026-05-25 11:11:10.714818,XXX-XX-2342,True,False,False,High
867,2132,Life,17646.23,Pending,Theft,NE,217,0,2026-05-25 11:11:10.714832,XXX-XX-9538,False,True,False,Medium
868,2067,Auto,48893.35,Denied,Theft,LA,122,0,2026-05-25 11:11:10.714846,XXX-XX-4067,True,True,True,Critical
869,3457,Life,34050.98,Denied,Theft,PR,216,0,2026-05-25 11:11:10.714859,XXX-XX-0534,True,True,True,High
870,2755,Home,18096.28,Pending,Theft,UT,118,1,2026-05-25 11:11:10.714873,XXX-XX-4759,False,True,True,Medium
871,2159,Home,11897.89,Denied,Theft,NH,270,0,2026-05-25 11:11:10.714886,XXX-XX-2458,False,True,False,Medium
872,4873,Home,13452.99,Denied,Theft,MH,196,0,2026-05-25 11:11:10.714900,XXX-XX-3073,False,True,False,Medium
873,3075,Auto,14671.14,Denied,Theft,TN,223,0,2026-05-25 11:11:10.714917,XXX-XX-8512,False,True,False,Medium
874,4793,Auto,29005.03,Pending,Flood,MH,197,0,2026-05-25 11:11:10.714934,XXX-XX-1863,False,False,False,High
875,3037,Auto,14815.07,Approved,Flood,AZ,114,0,2026-05-25 11:11:10.714947,XXX-XX-8003,False,False,False,Medium
876,4896,Life,36623.28,Denied,Fire,PW,162,0,2026-05-25 11:11:10.714961,XXX-XX-5788,True,True,True,High
877,4344,Life,4480.86,Denied,Fire,KS,115,0,2026-05-25 11:11:10.714975,XXX-XX-9314,False,True,False,Medium
878,3539,Auto,3933.05,Approved,Theft,NC,249,1,2026-05-25 11:11:10.714989,XXX-XX-0931,False,True,True,Medium
879,3292,Life,2738.72,Pending,Fire,MT,278,0,2026-05-25 11:11:10.715002,XXX-XX-8717,False,True,False,Medium
880,4276,Home,25566.5,Denied,Flood,AZ,257,0,2026-05-25 11:11:10.715015,XXX-XX-5438,False,False,False,High
881,3632,Home,46258.66,Pending,Theft,GU,267,0,2026-05-25 11:11:10.715029,XXX-XX-8485,True,True,True,Critical
882,1838,Home,45852.04,Approved,Flood,VT,280,1,2026-05-25 11:11:10.715043,XXX-XX-3838,True,False,True,Critical
883,2981,Auto,16810.2,Pending,Fire,HI,291,0,2026-05-25 11:11:10.715060,XXX-XX-9507,False,True,False,Medium
884,4680,Auto,41980.42,Approved,Accident,FM,260,1,2026-05-25 11:11:10.715073,XXX-XX-8588,True,False,True,Critical
885,3170,Life,14118.03,Approved,Fire,CA,126,1,2026-05-25 11:11:10.715092,XXX-XX-2211,False,True,True,Medium
886,3496,Life,39589.88,Denied,Flood,IN,202,0,2026-05-25 11:11:10.715106,XXX-XX-5630,True,False,False,High
887,1402,Life,45610.47,Approved,Theft,PA,263,0,2026-05-25 11:11:10.715120,XXX-XX-1285,True,True,True,Critical
888,3981,Auto,14062.21,Denied,Theft,NC,106,0,2026-05-25 11:11:10.715134,XXX-XX-0187,False,True,False,Medium
889,2580,Life,25428.36,Approved,Accident,RI,190,1,2026-05-25 11:11:10.715147,XXX-XX-6028,False,False,True,High
890,3773,Auto,40560.81,Approved,Flood,AL,225,0,2026-05-25 11:11:10.715161,XXX-XX-5427,True,False,False,Critical
891,4464,Life,40438.49,Pending,Theft,KY,217,0,2026-05-25 11:11:10.715178,XXX-XX-5466,True,True,True,Critical
892,2428,Life,29453.54,Approved,Theft,ME,267,0,2026-05-25 11:11:10.715192,XXX-XX-4054,False,True,False,High
893,2379,Home,12055.33,Pending,Flood,MS,258,0,2026-05-25 11:11:10.715208,XXX-XX-0861,False,False,False,Medium
894,2533,Auto,40897.18,Approved,Fire,ND,110,1,2026-05-25 11:11:10.715223,XXX-XX-2903,True,True,True,Critical
895,2032,Auto,35088.39,Pending,Flood,MT,117,0,2026-05-25 11:11:10.715237,XXX-XX-1237,True,False,False,High
896,4423,Life,5746.86,Pending,Flood,MN,268,0,2026-05-25 11:11:10.715250,XXX-XX-9015,False,False,False,Medium
897,4126,Auto,16985.15,Pending,Flood,IL,248,0,2026-05-25 11:11:10.715264,XXX-XX-2301,False,False,False,Medium
898,1946,Auto,34366.87,Denied,Theft,VA,170,1,2026-05-25 11:11:10.715281,XXX-XX-9155,True,True,True,High
899,1428,Life,16612.02,Approved,Theft,VT,105,0,2026-05-25 11:11:10.715295,XXX-XX-7799,False,True,False,Medium
900,4678,Auto,45642.09,Pending,Accident,GA,254,0,2026-05-25 11:11:10.715309,XXX-XX-6061,True,False,False,Critical
901,1893,Home,9056.17,Approved,Accident,NM,277,0,2026-05-25 11:11:10.715323,XXX-XX-3208,False,False,False,Medium
902,4514,Home,48893.91,Pending,Fire,FL,152,1,2026-05-25 11:11:10.715336,XXX-XX-0792,True,True,True,Critical
903,3907,Auto,13678.39,Denied,Flood,NC,174,0,2026-05-25 11:11:10.715353,XXX-XX-3984,False,False,False,Medium
904,3013,Life,41727.37,Approved,Theft,UT,100,0,2026-05-25 11:11:10.715367,XXX-XX-8530,True,True,True,Critical
905,1847,Home,18754.85,Denied,Fire,SC,100,0,2026-05-25 11:11:10.715381,XXX-XX-9836,False,True,False,Medium
906,3970,Auto,34753.57,Approved,Theft,KY,279,0,2026-05-25 11:11:10.715395,XXX-XX-8645,True,True,True,High
907,4658,Life,9663.14,Denied,Theft,NV,120,0,2026-05-25 11:11:10.715408,XXX-XX-9275,False,True,False,Medium
908,2955,Home,13368.46,Pending,Accident,IN,105,1,2026-05-25 11:11:10.715422,XXX-XX-9656,False,False,True,Medium
909,4871,Home,29624.87,Approved,Flood,MN,287,0,2026-05-25 11:11:10.715435,XXX-XX-6055,False,False,False,High
910,2926,Home,48527.39,Denied,Fire,IN,261,0,2026-05-25 11:11:10.715449,XXX-XX-0701,True,True,True,Critical
911,4345,Auto,16697.89,Pending,Accident,MD,169,0,2026-05-25 11:11:10.715463,XXX-XX-6488,False,False,False,Medium
912,4901,Auto,1380.2,Approved,Flood,KS,170,1,2026-05-25 11:11:10.715477,XXX-XX-1163,False,False,True,Medium
913,3492,Home,1352.85,Denied,Flood,CO,288,0,2026-05-25 11:11:10.715494,XXX-XX-1183,False,False,False,Medium
914,2510,Home,36272.8,Denied,Theft,MD,156,0,2026-05-25 11:11:10.715508,XXX-XX-6736,True,True,True,High
915,4499,Life,48913.29,Denied,Theft,WI,215,0,2026-05-25 11:11:10.715521,XXX-XX-9342,True,True,True,Critical
916,3659,Life,6063.59,Pending,Accident,WY,224,0,2026-05-25 11:11:10.715535,XXX-XX-4738,False,False,False,Medium
917,4000,Life,42475.19,Pending,Accident,MS,192,0,2026-05-25 11:11:10.715549,XXX-XX-7096,True,False,False,Critical
918,3313,Life,48001.05,Denied,Theft,NC,126,1,2026-05-25 11:11:10.715563,XXX-XX-3170,True,True,True,Critical
919,1230,Home,16779.82,Approved,Flood,OR,156,1,2026-05-25 11:11:10.715577,XXX-XX-8808,False,False,True,Medium
920,1766,Home,19219.71,Pending,Fire,GA,103,0,2026-05-25 11:11:10.715591,XXX-XX-6236,False,True,False,Medium
921,1032,Life,13373.92,Pending,Fire,IN,205,0,2026-05-25 11:11:10.715605,XXX-XX-9832,False,True,False,Medium
922,4128,Life,10617.37,Approved,Accident,WV,181,0,2026-05-25 11:11:10.715619,XXX-XX-0417,False,False,False,Medium
923,1131,Life,35907.62,Denied,Flood,WI,100,0,2026-05-25 11:11:10.715636,XXX-XX-0409,True,False,False,High
924,3874,Life,49770.77,Approved,Flood,MP,156,0,2026-05-25 11:11:10.715653,XXX-XX-4710,True,False,False,Critical
925,4643,Home,42320.34,Denied,Flood,ID,266,0,2026-05-25 11:11:10.715667,XXX-XX-2301,True,False,False,Critical
926,3589,Auto,11869.98,Pending,Fire,NE,224,0,2026-05-25 11:11:10.715681,XXX-XX-3166,False,True,False,Medium
927,1460,Life,22210.12,Denied,Theft,IL,162,0,2026-05-25 11:11:10.715695,XXX-XX-7808,False,True,False,High
928,4601,Life,35662.08,Pending,Theft,IA,282,1,2026-05-25 11:11:10.715709,XXX-XX-0268,True,True,True,High
929,4331,Life,37664.78,Pending,Fire,DC,161,1,2026-05-25 11:11:10.715722,XXX-XX-3958,True,True,True,High
930,3032,Life,19979.19,Approved,Fire,CA,207,1,2026-05-25 11:11:10.715736,XXX-XX-3666,False,True,True,Medium
931,1304,Life,37809.03,Pending,Fire,WI,147,0,2026-05-25 11:11:10.715750,XXX-XX-5229,True,True,True,High
932,4952,Life,47494.99,Approved,Flood,GA,235,0,2026-05-25 11:11:10.715763,XXX-XX-3443,True,False,False,Critical
933,2830,Home,33632.81,Pending,Fire,MT,255,0,2026-05-25 11:11:10.715780,XXX-XX-3204,True,True,True,High
934,1054,Auto,26769.7,Denied,Fire,RI,267,0,2026-05-25 11:11:10.715794,XXX-XX-5878,False,True,False,High
935,2706,Home,26486.36,Pending,Accident,WI,272,0,2026-05-25 11:11:10.715808,XXX-XX-5296,False,False,False,High
936,2785,Auto,11831.21,Approved,Fire,CA,146,1,2026-05-25 11:11:10.715825,XXX-XX-7835,False,True,True,Medium
937,2299,Life,47553.38,Denied,Fire,DC,125,0,2026-05-25 11:11:10.715840,XXX-XX-4032,True,True,True,Critical
938,4557,Auto,26130.91,Denied,Fire,GA,198,0,2026-05-25 11:11:10.715856,XXX-XX-2517,False,True,False,High
939,2356,Home,46635.49,Pending,Flood,AS,119,1,2026-05-25 11:11:10.715870,XXX-XX-4640,True,False,True,Critical
940,2783,Life,18153.12,Approved,Accident,NC,269,0,2026-05-25 11:11:10.715884,XXX-XX-9654,False,False,False,Medium
941,4298,Auto,39911.46,Approved,Fire,ND,210,0,2026-05-25 11:11:10.715897,XXX-XX-8697,True,True,True,High
942,2177,Life,5724.55,Pending,Fire,IL,236,0,2026-05-25 11:11:10.715911,XXX-XX-8921,False,True,False,Medium
943,4610,Home,43756.18,Pending,Fire,OR,156,0,2026-05-25 11:11:10.715928,XXX-XX-9670,True,True,True,Critical
944,4079,Home,28945.59,Approved,Accident,MD,137,0,2026-05-25 11:11:10.715942,XXX-XX-3333,False,False,False,High
945,3348,Auto,28677.77,Pending,Accident,AL,239,1,2026-05-25 11:11:10.715955,XXX-XX-2807,False,False,True,High
946,3275,Life,48078.62,Pending,Flood,NM,134,0,2026-05-25 11:11:10.715972,XXX-XX-0123,True,False,False,Critical
947,1756,Auto,6045.57,Approved,Accident,IN,187,1,2026-05-25 11:11:10.715986,XXX-XX-6432,False,False,True,Medium
948,1688,Home,41907.57,Approved,Fire,AR,134,0,2026-05-25 11:11:10.716000,XXX-XX-4854,True,True,True,Critical
949,4413,Life,19925.84,Denied,Accident,NH,200,0,2026-05-25 11:11:10.716014,XXX-XX-0015,False,False,False,Medium
950,3311,Home,35507.84,Denied,Theft,WI,299,0,2026-05-25 11:11:10.716028,XXX-XX-2023,True,True,True,High
951,1754,Life,26912.71,Pending,Flood,MS,135,0,2026-05-25 11:11:10.716041,XXX-XX-0073,False,False,False,High
952,1006,Life,44226.01,Approved,Theft,UT,234,1,2026-05-25 11:11:10.716056,XXX-XX-9881,True,True,True,Critical
953,3539,Life,2258.97,Pending,Theft,NY,170,1,2026-05-25 11:11:10.716073,XXX-XX-6113,False,True,True,Medium
954,2365,Auto,28748.61,Approved,Accident,CO,237,0,2026-05-25 11:11:10.716087,XXX-XX-6840,False,False,False,High
955,1266,Auto,6831.77,Approved,Theft,WY,264,0,2026-05-25 11:11:10.716105,XXX-XX-8068,False,True,False,Medium
956,3832,Auto,35982.36,Denied,Accident,MP,131,0,2026-05-25 11:11:10.716123,XXX-XX-2513,True,False,False,High
957,2014,Auto,19237.08,Pending,Theft,OR,164,1,2026-05-25 11:11:10.716139,XXX-XX-2973,False,True,True,Medium
958,1413,Auto,33085.79,Denied,Accident,KS,165,0,2026-05-25 11:11:10.716156,XXX-XX-7115,True,False,False,High
959,4177,Home,3156.38,Pending,Flood,UT,166,0,2026-05-25 11:11:10.716172,XXX-XX-3672,False,False,False,Medium
960,2206,Auto,25695.61,Approved,Flood,VI,218,1,2026-05-25 11:11:10.716191,XXX-XX-7968,False,False,True,High
961,3104,Home,30833.71,Pending,Flood,MH,280,0,2026-05-25 11:11:10.716208,XXX-XX-1379,True,False,False,High
962,3072,Life,26817.19,Approved,Fire,WA,162,0,2026-05-25 11:11:10.716224,XXX-XX-0095,False,True,False,High
963,3374,Life,27974.96,Approved,Fire,AL,273,1,2026-05-25 11:11:10.716243,XXX-XX-9071,False,True,True,High
964,3308,Life,12806.31,Pending,Fire,GA,152,0,2026-05-25 11:11:10.716257,XXX-XX-8817,False,True,False,Medium
965,4804,Home,35323.64,Pending,Fire,MT,283,0,2026-05-25 11:11:10.716272,XXX-XX-4233,True,True,True,High
966,4946,Life,7809.58,Denied,Fire,NE,240,0,2026-05-25 11:11:10.716285,XXX-XX-4053,False,True,False,Medium
967,1006,Life,40862.64,Approved,Theft,VT,298,0,2026-05-25 11:11:10.716300,XXX-XX-5542,True,True,True,Critical
968,1601,Home,22580.72,Denied,Flood,TX,256,1,2026-05-25 11:11:10.716314,XXX-XX-4887,False,False,True,High
969,2609,Auto,18053.61,Approved,Fire,CT,105,0,2026-05-25 11:11:10.716328,XXX-XX-8538,False,True,False,Medium
970,3305,Auto,28014.03,Denied,Flood,MO,160,0,2026-05-25 11:11:10.716341,XXX-XX-0751,False,False,False,High
971,3026,Auto,42249.91,Pending,Accident,AZ,106,0,2026-05-25 11:11:10.716355,XXX-XX-7131,True,False,False,Critical
972,4003,Home,38478.94,Denied,Accident,OK,141,1,2026-05-25 11:11:10.716369,XXX-XX-9593,True,False,True,High
973,3266,Auto,32155.36,Pending,Flood,IA,202,0,2026-05-25 11:11:10.716388,XXX-XX-1228,True,False,False,High
974,2491,Life,7786.25,Pending,Accident,UT,177,0,2026-05-25 11:11:10.716403,XXX-XX-6322,False,False,False,Medium
975,1207,Home,40109.7,Pending,Accident,RI,188,0,2026-05-25 11:11:10.716416,XXX-XX-8995,True,False,False,Critical
976,2793,Life,45505.48,Pending,Fire,WY,191,0,2026-05-25 11:11:10.716430,XXX-XX-9975,True,True,True,Critical
977,2990,Life,40784.25,Denied,Fire,LA,113,0,2026-05-25 11:11:10.716447,XXX-XX-9820,True,True,True,Critical
978,2439,Auto,44756.95,Approved,Fire,WI,242,0,2026-05-25 11:11:10.716461,XXX-XX-1761,True,True,True,Critical
979,1808,Auto,34801.36,Pending,Flood,MO,211,1,2026-05-25 11:11:10.716476,XXX-XX-7232,True,False,True,High
980,3052,Life,9358.03,Approved,Fire,AL,173,0,2026-05-25 11:11:10.716490,XXX-XX-4013,False,True,False,Medium
981,1947,Home,43918.72,Denied,Theft,MH,127,0,2026-05-25 11:11:10.716504,XXX-XX-6798,True,True,True,Critical
982,1481,Life,27395.18,Denied,Accident,LA,254,1,2026-05-25 11:11:10.716518,XXX-XX-3784,False,False,True,High
983,2308,Home,37876.8,Pending,Theft,VT,212,0,2026-05-25 11:11:10.716535,XXX-XX-0363,True,True,True,High
984,1896,Home,6105.87,Pending,Fire,PA,181,0,2026-05-25 11:11:10.716548,XXX-XX-1758,False,True,False,Medium
985,1148,Home,28428.29,Pending,Accident,NY,182,0,2026-05-25 11:11:10.716562,XXX-XX-8506,False,False,False,High
986,2979,Home,37008.85,Approved,Accident,FM,107,0,2026-05-25 11:11:10.716575,XXX-XX-1016,True,False,False,High
987,4712,Auto,1749.38,Pending,Accident,WA,209,1,2026-05-25 11:11:10.716592,XXX-XX-9698,False,False,True,Medium
988,4836,Auto,30016.11,Denied,Fire,IN,239,0,2026-05-25 11:11:10.716606,XXX-XX-2156,True,True,True,High
989,3010,Auto,46452.62,Denied,Theft,DC,171,1,2026-05-25 11:11:10.716620,XXX-XX-8004,True,True,True,Critical
990,1069,Home,32389.26,Approved,Theft,AZ,204,1,2026-05-25 11:11:10.716634,XXX-XX-6762,True,True,True,High
991,3422,Life,37479.09,Approved,Flood,NE,252,1,2026-05-25 11:11:10.716648,XXX-XX-4154,True,False,True,High
992,2987,Home,6398.02,Pending,Accident,AR,231,0,2026-05-25 11:11:10.716662,XXX-XX-1398,False,False,False,Medium
993,2145,Life,2614.15,Pending,Accident,NV,258,1,2026-05-25 11:11:10.716679,XXX-XX-9504,False,False,True,Medium
994,4057,Auto,3907.77,Pending,Flood,IL,239,0,2026-05-25 11:11:10.716693,XXX-XX-3093,False,False,False,Medium
995,2600,Life,7561.06,Denied,Fire,OH,205,1,2026-05-25 11:11:10.716707,XXX-XX-9139,False,True,True,Medium
996,3221,Home,28434.69,Denied,Theft,IN,199,0,2026-05-25 11:11:10.716720,XXX-XX-6004,False,True,False,High
997,4015,Home,39453.49,Approved,Theft,OR,138,1,2026-05-25 11:11:10.716734,XXX-XX-4869,True,True,True,High
998,3008,Auto,41266.16,Denied,Accident,LA,134,0,2026-05-25 11:11:10.716747,XXX-XX-1200,True,False,False,Critical
999,1031,Home,10237.65,Pending,Fire,WI,256,1,2026-05-25 11:11:10.716761,XXX-XX-6043,False,True,True,Medium
1000,4182,Auto,34440.87,Pending,Theft,NC,259,0,2026-05-25 11:11:10.716775,XXX-XX-4402,True,True,True,High
